-- Generation time: Mon, 08 Jul 2019 23:04:01 +0000
-- Host: mysql.hostinger.ro
-- DB name: u574849695_24
/*!40030 SET NAMES UTF8 */;
/*!40101 SET @OLD_CHARACTER_SET_CLIENT=@@CHARACTER_SET_CLIENT */;
/*!40101 SET @OLD_CHARACTER_SET_RESULTS=@@CHARACTER_SET_RESULTS */;
/*!40101 SET @OLD_COLLATION_CONNECTION=@@COLLATION_CONNECTION */;
/*!40103 SET @OLD_TIME_ZONE=@@TIME_ZONE */;
/*!40103 SET TIME_ZONE='+00:00' */;
/*!40014 SET @OLD_UNIQUE_CHECKS=@@UNIQUE_CHECKS, UNIQUE_CHECKS=0 */;
/*!40014 SET @OLD_FOREIGN_KEY_CHECKS=@@FOREIGN_KEY_CHECKS, FOREIGN_KEY_CHECKS=0 */;
/*!40101 SET @OLD_SQL_MODE=@@SQL_MODE, SQL_MODE='NO_AUTO_VALUE_ON_ZERO' */;
/*!40111 SET @OLD_SQL_NOTES=@@SQL_NOTES, SQL_NOTES=0 */;

DROP TABLE IF EXISTS `blog`;
CREATE TABLE `blog` (
  `id` bigint(20) unsigned NOT NULL AUTO_INCREMENT,
  `author` bigint(20) unsigned NOT NULL,
  `content` text COLLATE utf8_unicode_ci NOT NULL,
  `created` datetime DEFAULT current_timestamp(),
  PRIMARY KEY (`id`),
  KEY `author` (`author`),
  CONSTRAINT `blog_ibfk_1` FOREIGN KEY (`author`) REFERENCES `user` (`id`) ON DELETE CASCADE
) ENGINE=InnoDB AUTO_INCREMENT=101 DEFAULT CHARSET=utf8 COLLATE=utf8_unicode_ci;

INSERT INTO `blog` VALUES ('1','7','Debitis labore et quaerat eos aut nihil. At aliquam assumenda voluptatem voluptas vero. Autem sunt doloremque dignissimos sunt. Nesciunt expedita sint corrupti.','2012-09-23 06:50:58'),
('2','17','Est voluptatem cum error saepe nostrum ea consequatur modi. Quia aspernatur voluptate ducimus blanditiis est assumenda blanditiis quam. Sapiente ratione ex ratione velit autem placeat qui deleniti.','1985-10-15 09:59:06'),
('3','19','Facere voluptatem architecto expedita dicta. Excepturi autem dolorem ab molestiae eius est voluptates. Aut in reprehenderit nobis itaque eos qui.','2005-08-19 02:50:16'),
('4','6','Aspernatur similique rem dignissimos nihil est quae. Quis ad velit tempore culpa id occaecati. Doloremque eaque quo facilis earum alias. Molestiae laborum dolor impedit earum sed non.','2014-04-18 17:23:26'),
('5','12','Eum officiis deleniti est iste. Recusandae molestiae ducimus quam hic eum quae occaecati. Incidunt suscipit voluptate deleniti atque aut et.','1986-11-06 19:15:07'),
('6','15','A nostrum et et voluptatem quia est non. Aspernatur repellat eum repudiandae rerum ut occaecati. Ut qui aut atque sit et voluptate.','2019-04-03 19:50:23'),
('7','23','Libero consectetur mollitia velit totam. Architecto totam fugiat et et sequi. Nam voluptatem reprehenderit pariatur ex dolorum.','2009-09-08 13:50:06'),
('8','30','Ut aut iure aliquam et. Totam ullam consectetur deserunt sunt recusandae. Cupiditate optio debitis sed quo adipisci perspiciatis et. Dolorem quibusdam temporibus aut voluptatem dicta consequatur.','1975-11-07 22:56:36'),
('9','26','Aut sapiente autem ea quisquam laboriosam error tempora. Amet omnis error veritatis iusto. Explicabo impedit quas similique. Quo perferendis quasi animi assumenda facere optio.','2005-05-30 17:57:27'),
('10','10','Minus sit eos suscipit ipsa dolor qui odit. Ea velit quo aut alias aut. Ea incidunt non quia odio est.','2012-04-29 10:33:33'),
('11','18','Tempora totam vel est. Repudiandae voluptates ullam ut praesentium est. Iusto perspiciatis esse dolor esse recusandae nam. Ipsa et vel nihil quis pariatur rem.','1977-04-21 06:01:50'),
('12','7','Cupiditate aliquid perferendis consequatur temporibus sed. Aut ducimus placeat repellendus et qui dolores. Nostrum et ea quia ducimus quod consectetur quo. Dignissimos voluptas quam culpa iusto odit.','1988-07-13 11:43:05'),
('13','22','Accusamus necessitatibus veniam voluptates consectetur. Atque neque dolor minus culpa facere laborum. Optio nisi quaerat facere. Quaerat ad voluptate ullam qui.','1985-12-07 01:32:56'),
('14','12','Exercitationem ad reprehenderit voluptatem omnis hic nemo velit. Ut molestiae rerum qui eveniet ut id. Voluptatem debitis eos voluptas. Optio iste nam dolores consectetur doloribus ipsum quas.','2011-10-13 18:51:20'),
('15','3','Omnis voluptate corporis debitis sequi commodi rem. Deleniti voluptatum adipisci vel maxime.','2000-11-29 21:02:16'),
('16','15','Minus fuga nihil est quibusdam rerum aliquam. Tempore dolor pariatur est et et incidunt illo. Velit nostrum accusantium deserunt dolore eligendi.','1983-12-02 15:36:58'),
('17','22','Quia temporibus qui aut enim. Voluptatem ullam omnis nisi labore voluptatibus ipsum magni enim. Vero quia corrupti non delectus a.','1973-11-28 16:03:09'),
('18','24','Voluptatem ipsam aspernatur impedit unde. Nesciunt aut voluptatem accusantium omnis. Et unde autem qui adipisci. Cum labore optio ducimus voluptatem illum consequuntur.','1983-08-03 17:25:54'),
('19','11','Eaque quia et quos eveniet libero rerum. Sunt ea et officiis quod. Magni aut non harum aut et.','1977-05-23 08:42:20'),
('20','13','Rerum qui autem dolores quam quibusdam sequi nesciunt. Quia qui in architecto magnam beatae corrupti dolor. Nam suscipit aliquam magnam.','2004-03-02 07:12:51'),
('21','20','Molestiae ipsum ut et assumenda at iusto. Perspiciatis debitis saepe deleniti cumque voluptatem et.\nTenetur qui modi iure aut est ut ut. Tenetur qui dolorem quo eos. Inventore qui ut praesentium ab.','2001-12-26 16:57:14'),
('22','8','Est dolores velit vitae enim fuga cupiditate. Et sed voluptatum et omnis velit voluptatem. Enim et eos inventore nobis a dolores reprehenderit. Recusandae ex similique autem maiores hic.','1982-08-08 06:09:21'),
('23','14','Facere eius est corporis facere iusto facilis. Repellat vel qui temporibus. Beatae et et ipsam quia fugit ut.','2017-02-12 02:51:51'),
('24','3','Doloremque occaecati vero enim non. Iure assumenda omnis dolores. Pariatur id ut facere. Non quisquam facere non et illo.','2015-08-31 01:32:16'),
('25','10','Porro amet impedit in qui a eos eos ut. Ratione ea id ut soluta a aut. Quam ad ut in inventore. Deleniti quos non minus et voluptatem. Culpa qui officiis nobis omnis iusto.','1993-11-18 03:58:49'),
('26','30','Et et libero a reiciendis corrupti veniam. Quisquam aut qui accusantium est doloremque veniam totam eos. Aut itaque sunt velit sunt dolorum deserunt atque. Doloribus suscipit sit non.','1992-04-13 15:32:32'),
('27','17','Eos et vero harum maiores. Modi repudiandae cum quia. Id qui provident non deserunt sed. Tempore est omnis iste distinctio earum.\nQuia accusantium nemo vel sit. Quia recusandae et modi numquam.','2010-06-28 19:46:22'),
('28','3','Dolor soluta delectus id expedita architecto adipisci. Minima voluptatem nobis exercitationem maiores. Veritatis soluta id dicta consectetur.','2002-06-07 00:15:44'),
('29','6','Molestias natus labore cupiditate voluptatem. Magni dolorum est voluptate iusto aut voluptates totam. Consectetur et debitis consequatur repellat aut. Aut fugit asperiores unde non.','1995-08-30 15:31:07'),
('30','4','Ab velit aliquid illo impedit autem. Dolorem suscipit praesentium consequatur similique atque. Excepturi quidem et maiores dolorem iste. Ut numquam nam quia iusto aut est.','2012-09-26 09:32:21'),
('31','19','Voluptatem unde natus perferendis est autem rem. Adipisci repudiandae debitis voluptatum similique hic. Sint quas qui velit rerum amet reprehenderit et.','1971-12-14 13:33:58'),
('32','12','Qui quaerat labore voluptas aut eos sint molestias. Molestiae velit debitis nulla placeat hic aliquid officiis. Voluptatem ea deserunt veniam aliquam. Repellendus rem rem est.','1974-06-19 13:10:52'),
('33','20','Suscipit omnis autem atque. Beatae et eos id fugit. At molestias nihil vitae.','2004-12-08 11:59:48'),
('34','8','Ea qui unde nobis in nisi et. Et delectus quod natus tempore eius voluptatem. Tempora quia officiis ad nobis.','2017-04-20 04:07:40'),
('35','18','Officia quia sunt hic recusandae. Explicabo explicabo sit aliquid commodi velit quaerat earum. Est quisquam unde dolores voluptate.','1984-07-20 03:59:51'),
('36','2','Ad earum blanditiis harum laboriosam. Ducimus qui quod quia excepturi ut delectus. Aut minima rerum molestias aut sed ipsum.','2004-08-19 05:02:39'),
('37','23','Officiis qui accusamus est corporis. Voluptates dolore ut nulla nobis. Quam odit nihil exercitationem aspernatur non voluptatem quaerat. Iste voluptatem et quia eius illo est pariatur.','2002-05-01 02:45:34'),
('38','10','Officia non repellendus tempore vel quo cupiditate. Tempore explicabo eos et quia sequi quibusdam. Non omnis inventore quia consequatur laudantium.','1999-07-04 07:25:46'),
('39','1','Dolores a aperiam est. Id aut enim vitae a magnam dicta sunt. Aut deserunt rerum molestiae. Eius beatae quo rerum et in sed.','1985-09-15 16:00:53'),
('40','18','Eius quam iusto unde ratione iure quis. Dolor beatae quae sequi sed explicabo vel. Et consequuntur sit dignissimos et ducimus dolorum ratione rerum.','2006-07-07 11:59:29'),
('41','20','Recusandae laborum harum facere commodi dolor omnis et. Blanditiis quas eligendi id voluptatum odit porro. Impedit voluptatem eos amet rem ipsa repellendus.','1990-08-31 06:58:42'),
('42','18','Ut ducimus ut eveniet nesciunt deleniti. Quia autem quam officia vel. Voluptatem reprehenderit magni ut sed quos aut. Molestiae possimus dolorum pariatur neque iusto ut quidem.','1977-11-14 03:25:58'),
('43','24','Eveniet consequatur et maxime totam quia. A minima eius saepe voluptatibus. Distinctio facere ut quos labore.','1974-07-08 12:24:08'),
('44','11','Omnis officia fugit et libero cum ea. Quo vel libero asperiores. Est doloribus et tempora labore.','1979-06-07 04:52:16'),
('45','30','Excepturi eum aliquid inventore autem nam aspernatur necessitatibus. Aut magnam facere placeat ea in aspernatur quisquam.','1988-07-29 04:39:42'),
('46','27','Temporibus magnam quisquam occaecati sit unde nemo qui cumque. Quia sequi temporibus explicabo unde eligendi laudantium autem. Quia id dolor reiciendis enim quos perspiciatis doloribus.','1999-03-07 22:01:12'),
('47','26','Dicta aliquid ratione assumenda quam assumenda. Et et laborum quisquam. Qui consectetur sequi adipisci tempore. Officiis et voluptatum fugiat et qui distinctio eligendi.','2009-12-05 15:50:26'),
('48','21','Qui ratione corporis corrupti omnis ullam eveniet. Explicabo fugit dolor maiores eveniet quia sequi corrupti. Ad voluptate nemo voluptate dolorum quia incidunt. Eos et quod sint.','1999-08-05 13:30:01'),
('49','20','Eum officiis at dolores quasi eos in et. Cumque saepe laboriosam atque est. Eos facere officia ex qui quae. Corporis eos explicabo qui nulla ea.','2006-08-12 07:38:29'),
('50','6','Necessitatibus ex sunt esse impedit magnam aut sed voluptatem. Est ut impedit quasi. Beatae accusantium voluptatem consectetur quidem voluptatibus ut sunt labore. Cum dolores eos et odit.','1976-02-04 14:29:51'),
('51','4','Voluptas est enim velit et rerum eius. Itaque neque aut esse natus voluptas vitae. Incidunt et optio aut amet.\nFacere inventore deleniti odio. Quis voluptatem non at itaque est eveniet.','1972-11-22 00:39:34'),
('52','9','Aut laboriosam veritatis dolorem. Voluptas neque non accusantium ex quis cumque veniam. Necessitatibus quod in cumque sint.','1974-02-05 02:28:59'),
('53','14','Atque et voluptatem assumenda quibusdam adipisci provident. Fugiat consectetur quaerat ex assumenda repellat eligendi et. Incidunt fugit cum consectetur. Dolorem qui asperiores labore.','1997-03-16 07:16:07'),
('54','17','Quia facilis dignissimos accusantium unde ut et. Possimus labore voluptatem id recusandae. In voluptas dolor iure a qui praesentium neque.','1970-06-17 02:24:05'),
('55','12','Magnam corporis hic asperiores. Nihil quo enim dolorum nihil. Ut expedita non qui reiciendis.','2006-10-06 07:35:33'),
('56','24','Temporibus ipsam cum id aut sed. Iusto qui velit blanditiis ratione asperiores. Inventore natus qui doloremque provident delectus assumenda optio delectus.','2006-03-17 13:02:42'),
('57','16','Saepe sequi repudiandae non molestiae enim rerum. Sed excepturi assumenda velit eos fugit aut ipsa quaerat. Officiis repellendus et consequatur debitis officiis est qui voluptas.','1995-08-12 12:09:46'),
('58','29','Vel aut numquam cum. Libero velit mollitia sit molestiae eum. Dolor eaque et aperiam consectetur. Vero voluptatem esse et.','2004-11-29 10:34:07'),
('59','26','Ipsam non consequatur omnis voluptatem. Ea ut quia sunt sunt. In quod quo et.','1988-06-16 08:47:02'),
('60','21','Dolorum fuga eum iusto et. Culpa repellat eveniet ut assumenda ullam necessitatibus. Occaecati sapiente rerum placeat consequatur. Non tenetur dolorum reprehenderit atque doloribus.','2005-05-10 09:28:23'),
('61','2','Aut quia cupiditate est quia. Dolor cum ullam molestiae sint similique. Omnis dolorem ullam numquam amet dolores mollitia qui.','1975-05-18 09:43:40'),
('62','15','Libero quis dolorem dolores commodi. Nam nulla rem non eos. Ut dolorem doloribus voluptatum sit nisi unde.','1987-08-29 10:26:15'),
('63','3','Rerum cupiditate odit quod inventore ea non. Consequatur cupiditate id tenetur ipsum. Fugit ut aperiam ullam sint sit.','1987-02-01 08:09:49'),
('64','22','Et nisi porro voluptates et dolores culpa alias. Ex possimus est vero omnis rem et. Laudantium ab eaque hic.','1976-01-23 05:27:08'),
('65','23','Laboriosam error natus repudiandae quo. Ut maiores minus suscipit rem quaerat. Mollitia vitae perferendis nisi rem est. Dolorum dolorem similique et et laborum.','1991-11-24 08:39:16'),
('66','20','Ad est corporis quidem qui accusamus asperiores fuga. Ipsam quisquam natus vero ab. Qui perferendis necessitatibus explicabo occaecati.','2008-09-14 02:34:40'),
('67','23','Sit aliquid qui fugit illum nulla asperiores nulla corporis. Quo praesentium quia cum. Ducimus quia sit odit voluptatem. Fugit necessitatibus ratione nobis rerum.','1991-05-05 09:56:58'),
('68','15','Nihil adipisci laudantium corrupti ea debitis qui enim quia. Dicta accusantium cumque ducimus. Tempore et ratione dolorem deserunt ex nihil in.','1994-03-27 17:11:37'),
('69','30','Ullam unde dolore voluptatem. Minus optio enim qui. Debitis eligendi sint ut cupiditate.','1980-02-28 20:13:05'),
('70','24','Modi voluptatum deleniti voluptatum eum voluptates ducimus consequatur. Libero quisquam quibusdam reiciendis sunt in dolorum. Rerum modi accusantium consectetur eaque officiis et omnis laudantium.','2001-09-24 16:28:10'),
('71','2','Qui sit deleniti vel. Aut commodi eius quas dolor et voluptate. Autem aperiam est autem animi sequi. Fugit mollitia soluta omnis voluptas sit accusantium.','1986-03-08 22:17:39'),
('72','19','Itaque nostrum facere voluptas reprehenderit. Ipsum quae eum labore quia. Voluptate totam illum ut quibusdam.','1976-07-29 03:07:01'),
('73','12','Aliquid earum in quaerat perferendis. Et corporis omnis cumque maxime nihil sed harum quam. Quas similique molestiae aliquid et architecto. Sed sed totam reiciendis nulla quia facere repellendus.','2018-05-29 03:47:57'),
('74','26','Eum assumenda facere quod nulla reprehenderit. Ut similique voluptas quis sunt voluptas. Autem quo culpa doloremque. Accusantium nihil aspernatur sequi nostrum iste.','2018-09-08 12:12:00'),
('75','30','Et sit ea et quae sunt qui ut eligendi. Sequi aut veniam eaque eaque quia cupiditate. Id qui voluptas vel sit sit.','2014-11-12 20:55:52'),
('76','11','Rerum doloribus dolores suscipit. Porro nulla voluptatem odit quo qui quasi. Nesciunt praesentium recusandae rerum ipsa dignissimos et accusantium.','1977-09-18 09:46:10'),
('77','22','Corporis veritatis ab occaecati facere rem est magni modi. Ratione non velit vero voluptatum voluptatum. Dolorem dolorem neque doloribus voluptas voluptate.','2016-06-26 00:55:05'),
('78','25','Et impedit aut molestiae voluptates ipsum fugit. Est et saepe ex expedita dolores sunt voluptas deserunt. Ut vel vero sit quia.','1971-09-19 17:13:51'),
('79','1','Quibusdam et animi eos libero. Ut quis totam ipsum atque alias. Eaque facilis quia ut voluptatum quod repellendus. Possimus similique laudantium consequuntur tempore totam voluptatem voluptatum.','2009-05-25 17:25:44'),
('80','12','Deserunt iusto facere nihil rem commodi unde recusandae. Itaque qui nemo ipsam aliquam. Blanditiis saepe tempore exercitationem est dolores et minima quia.','1979-10-25 08:32:26'),
('81','1','Neque cum harum repellat sed in et. Dolorem sint quam non et id et cumque dolorum. Harum optio et vero sunt rem ut.','2006-06-09 14:40:00'),
('82','4','Vel inventore nostrum cupiditate ex accusantium nam laboriosam. Suscipit deserunt qui voluptatibus. Quaerat repellendus enim omnis cum quia in facere. Libero autem aspernatur omnis inventore et non.','1999-05-09 01:19:58'),
('83','20','Aut facilis ducimus libero ab voluptas molestiae earum. Saepe architecto voluptatem commodi perspiciatis molestias. Maiores quidem sint et doloribus aut eum.','2007-05-08 19:53:09'),
('84','15','Autem esse quia et ab minima. Blanditiis voluptas beatae ipsa nihil est ut exercitationem. Expedita vero ut voluptates. Facere ipsam neque quo labore sit exercitationem cupiditate.','2006-03-20 20:17:38'),
('85','20','Atque quaerat autem in in. Voluptatem fuga exercitationem reiciendis vero amet non magnam. Quia et eum vel tenetur tempora. Voluptates omnis voluptatibus nisi qui quibusdam blanditiis quia.','2011-08-31 11:20:48'),
('86','2','Et modi quia rerum animi numquam suscipit. Porro ducimus sed soluta deleniti. Est nostrum qui iure aut est rerum.','2018-12-05 17:53:37'),
('87','8','Quis blanditiis sunt aut voluptates et debitis. Ipsam sunt sed aspernatur tempore earum.','1997-12-24 00:31:33'),
('88','6','Quo quasi sequi sed enim. Qui deserunt doloremque quo cupiditate rerum excepturi magni enim. Aspernatur et veniam corrupti praesentium corrupti et saepe et. Reiciendis ipsa dolores repellendus.','1971-03-13 13:54:25'),
('89','30','Voluptatem vitae nobis quod voluptatibus omnis et iusto. Quo veniam voluptate explicabo aut maiores sint. Rerum praesentium dolores et rerum.','2001-04-28 08:45:12'),
('90','3','Et quia numquam eos et. Aliquam eveniet exercitationem dolor doloribus. Natus cum velit optio doloremque animi.','2005-02-17 12:41:14'),
('91','27','Repellat consequatur sit nesciunt. Quo illo quaerat et.\nIpsa atque voluptate suscipit perspiciatis quia pariatur quasi. Quia adipisci eius dolorum et. Est ut ea ab dicta error.','1971-06-14 07:46:02'),
('92','1','Et minus blanditiis quidem placeat voluptatem fugiat. Voluptatem non aperiam sit illo hic id. Quo esse corporis debitis id pariatur similique voluptates qui.','1979-02-16 13:17:05'),
('93','17','Ut harum aspernatur sint voluptas. Ipsum assumenda voluptate suscipit voluptatem asperiores ut perspiciatis. Consequatur autem illo accusantium nulla totam.','2007-10-09 16:14:57'),
('94','29','Exercitationem hic non ea adipisci sed reiciendis tempora blanditiis. In similique minus ratione iure laudantium. Accusamus qui facere voluptatibus ea eveniet iure vero.','2012-01-17 18:49:15'),
('95','23','Fuga sit esse non aliquid et voluptas. Esse suscipit consequatur voluptatibus modi a sapiente. Non nisi sequi repudiandae voluptatem incidunt optio. Omnis vitae id magnam temporibus et itaque.','2016-06-13 14:37:34'),
('96','10','Est eligendi et voluptate et. Et sit maiores ipsum explicabo. Commodi dolorum qui debitis. Ea error minima sunt. Ratione quaerat eligendi suscipit ut quis officiis consequatur.','2014-09-16 11:48:19'),
('97','19','Ipsum officia consequatur aut autem. Qui suscipit adipisci magni fugit maiores sit laudantium. Et eos ut et.','1971-03-24 16:00:03'),
('98','15','Ut saepe sunt ad enim dolorem. Voluptates magnam ducimus praesentium voluptatem quia quos sequi veritatis. Sed maxime et totam inventore magnam quod molestias.','2019-01-26 19:14:16'),
('99','24','Dolores voluptatum illum accusamus accusamus rem. Vel voluptas optio aut aut dolores rerum est. Molestiae velit ut culpa deleniti ratione.','1994-07-16 02:15:11'),
('100','19','Reprehenderit molestiae dolore quidem quia qui. Veritatis et magni ut quidem. Esse quibusdam tenetur qui. Nam fuga neque vitae ex voluptatem ad qui.','1984-04-30 15:43:58'); 


DROP TABLE IF EXISTS `blog_points`;
CREATE TABLE `blog_points` (
  `id` bigint(20) unsigned NOT NULL AUTO_INCREMENT,
  `blog_id` bigint(20) unsigned NOT NULL,
  `point_id` bigint(20) unsigned NOT NULL,
  PRIMARY KEY (`id`),
  KEY `blog_id` (`blog_id`),
  KEY `point_id` (`point_id`),
  CONSTRAINT `blog_points_ibfk_1` FOREIGN KEY (`blog_id`) REFERENCES `blog` (`id`) ON DELETE CASCADE,
  CONSTRAINT `blog_points_ibfk_2` FOREIGN KEY (`point_id`) REFERENCES `point` (`id`) ON DELETE CASCADE
) ENGINE=InnoDB AUTO_INCREMENT=101 DEFAULT CHARSET=utf8 COLLATE=utf8_unicode_ci;

INSERT INTO `blog_points` VALUES ('1','52','18'),
('2','84','41'),
('3','42','12'),
('4','40','39'),
('5','37','37'),
('6','74','26'),
('7','96','62'),
('8','70','21'),
('9','24','68'),
('10','48','48'),
('11','46','26'),
('12','72','24'),
('13','34','53'),
('14','97','95'),
('15','97','32'),
('16','12','49'),
('17','49','96'),
('18','90','91'),
('19','7','29'),
('20','30','44'),
('21','66','3'),
('22','70','61'),
('23','65','39'),
('24','81','88'),
('25','7','29'),
('26','36','52'),
('27','54','7'),
('28','76','87'),
('29','59','72'),
('30','82','56'),
('31','4','93'),
('32','4','53'),
('33','88','94'),
('34','43','95'),
('35','22','72'),
('36','39','87'),
('37','75','8'),
('38','48','39'),
('39','47','29'),
('40','27','53'),
('41','57','62'),
('42','5','10'),
('43','69','80'),
('44','97','27'),
('45','52','78'),
('46','83','55'),
('47','71','87'),
('48','7','59'),
('49','80','49'),
('50','53','2'),
('51','21','92'),
('52','88','95'),
('53','99','36'),
('54','34','45'),
('55','64','61'),
('56','98','20'),
('57','22','2'),
('58','30','90'),
('59','81','27'),
('60','17','33'),
('61','5','100'),
('62','87','75'),
('63','86','93'),
('64','34','66'),
('65','42','86'),
('66','67','63'),
('67','77','55'),
('68','58','76'),
('69','91','91'),
('70','20','54'),
('71','51','18'),
('72','74','73'),
('73','19','3'),
('74','63','100'),
('75','29','79'),
('76','32','34'),
('77','79','19'),
('78','8','65'),
('79','11','41'),
('80','30','53'),
('81','27','97'),
('82','15','4'),
('83','52','73'),
('84','79','42'),
('85','63','99'),
('86','95','14'),
('87','16','69'),
('88','86','35'),
('89','71','48'),
('90','34','100'),
('91','27','66'),
('92','33','5'),
('93','84','41'),
('94','70','95'),
('95','81','100'),
('96','48','8'),
('97','97','63'),
('98','12','48'),
('99','35','90'),
('100','90','98'); 


DROP TABLE IF EXISTS `comment`;
CREATE TABLE `comment` (
  `id` bigint(20) unsigned NOT NULL AUTO_INCREMENT,
  `author_id` bigint(20) unsigned DEFAULT NULL,
  `blog_id` bigint(20) unsigned NOT NULL,
  `content` text COLLATE utf8_unicode_ci NOT NULL,
  `created` datetime DEFAULT current_timestamp(),
  PRIMARY KEY (`id`),
  KEY `author_id` (`author_id`),
  KEY `blog_id` (`blog_id`),
  CONSTRAINT `comment_ibfk_1` FOREIGN KEY (`author_id`) REFERENCES `user` (`id`) ON DELETE SET NULL,
  CONSTRAINT `comment_ibfk_2` FOREIGN KEY (`blog_id`) REFERENCES `blog` (`id`) ON DELETE CASCADE
) ENGINE=InnoDB AUTO_INCREMENT=101 DEFAULT CHARSET=utf8 COLLATE=utf8_unicode_ci;

INSERT INTO `comment` VALUES ('1','27','4','Quia tenetur adipisci quia ad. Corporis consequatur fugit saepe perspiciatis. Atque minima voluptatem velit non qui quo dolorem.','1986-05-04 07:04:27'),
('2','30','34','Est magni sunt est perspiciatis cumque sequi. Velit aliquid aut et nisi quibusdam reprehenderit. Doloremque quibusdam iure et autem libero quas dolorem.','2010-07-12 04:00:31'),
('3','25','6','Sit suscipit repudiandae rerum nihil veniam quam quaerat. Quod consectetur nihil nobis sit et laborum. Tenetur optio non voluptatibus natus qui deleniti.','2013-03-28 15:49:00'),
('4','2','12','Et excepturi animi quis at incidunt. Nesciunt veritatis sint occaecati nisi. Nihil error qui ut quo. Dolores ipsam necessitatibus sed quae neque.','1996-02-03 21:32:40'),
('5','4','10','Et possimus ipsum voluptate voluptates enim ipsa enim. Eum et aut quia unde. Autem ut fugiat aperiam maiores.','2005-05-09 06:01:33'),
('6','13','65','Maxime delectus sit ratione et. Ad maiores itaque nesciunt rerum veniam quod. Est accusantium aspernatur ducimus eum. Rem a facere et nostrum.','1970-08-09 01:12:12'),
('7','5','89','Dolor fuga ea unde beatae qui voluptas. Necessitatibus architecto possimus consectetur et dolore qui. Soluta sint non doloremque aut natus at.','1979-05-07 05:12:37'),
('8','8','94','Veniam velit vel totam voluptas tempora eum. Voluptas nihil doloremque neque reprehenderit et ducimus enim. Qui mollitia architecto esse facere. Asperiores aut aut quas dolorem.','1992-05-27 11:27:07'),
('9','6','29','Perspiciatis porro perspiciatis et corrupti porro rem. Et veniam ut atque deleniti expedita.\nNon odit rerum quam et hic. Aut est reiciendis fuga nisi et excepturi tempora.','1990-07-24 18:11:11'),
('10','13','87','Assumenda consequatur nihil voluptatibus molestiae libero similique. Est quas quaerat labore laboriosam corporis. Magni perferendis eum voluptatibus.','1980-03-04 02:44:52'),
('11','18','79','Ducimus voluptas ullam velit et modi omnis qui. Officiis ea eius voluptate quas aut deleniti facilis. Corporis et nemo error dolor. Quibusdam eveniet quae suscipit.','2015-10-26 22:36:12'),
('12','1','65','Vero illo reprehenderit dolorem est. Dolores vero provident in iste. Error asperiores voluptatem eos culpa porro fuga qui.','2004-12-16 22:21:33'),
('13','19','42','Quibusdam labore aut maxime ex. Qui nihil aut in est laudantium suscipit. Vitae ratione occaecati deserunt qui.','2002-03-15 03:51:51'),
('14','22','58','Corrupti sit quam saepe maiores. Et ullam quisquam qui quas dolor rerum. In incidunt quibusdam voluptatem facilis at distinctio. Maxime magnam voluptatum tempore repellat aut.','2010-02-01 00:24:52'),
('15','4','15','Aperiam qui voluptatem ipsum dolores. Adipisci laboriosam qui voluptas quis. Non omnis quia et placeat non blanditiis esse. Aut quidem voluptatem accusamus qui voluptatem quis.','1981-06-24 18:25:58'),
('16','9','1','Laudantium quae recusandae quaerat velit. Non voluptatem asperiores fugiat est earum. Placeat ea ratione quos ipsum earum ut in consequatur.','2008-11-13 11:13:10'),
('17','6','27','Quia consequatur nobis cum et iure ad non non. Quia fugiat quam consectetur dolorem quaerat aperiam consequatur. Maxime minus ullam dolor non aut.','1983-01-20 20:51:36'),
('18','11','99','Quisquam laborum placeat autem aperiam ratione. Iusto necessitatibus et et dicta. Quasi eum est enim animi quas.','1979-09-02 04:09:13'),
('19','10','38','Dolores labore laboriosam cupiditate temporibus enim ut. Nihil voluptates quibusdam voluptate quos facilis. Laboriosam voluptatem repellat voluptatem culpa.','2002-10-21 18:33:15'),
('20','3','45','Aut qui provident tempore. Dolorum nihil in et praesentium quis quibusdam et sed. Nihil aut molestiae sed sequi officia reprehenderit quasi laboriosam.','1981-10-16 14:19:37'),
('21','15','53','Expedita suscipit quis deleniti ducimus magni quo alias. Assumenda fuga corporis quaerat magni. Vero aut quo quam adipisci vel blanditiis quod.','1987-08-05 04:24:16'),
('22','3','63','Amet totam quaerat accusamus dolores molestiae explicabo corrupti qui. Et impedit eius ratione non aperiam enim porro ducimus. Distinctio velit dolorem suscipit dolore dolore.','1998-03-21 05:55:35'),
('23','13','35','Sint vitae provident animi ducimus cum. Illum reiciendis nihil facilis. Sint quae ad alias.','1984-02-16 01:07:24'),
('24','17','59','Corrupti est vel odio inventore omnis hic. Veritatis dolorem accusantium inventore molestiae voluptatem sed. Numquam fugiat praesentium perspiciatis et velit vero facilis.','1998-06-01 12:59:50'),
('25','19','100','Ut autem id aut. Veritatis voluptatibus ipsa sed tenetur eaque cum non sed. Consequuntur aut esse repellendus quia blanditiis.','2006-05-18 03:22:51'),
('26','14','23','Id cumque qui labore velit. Occaecati voluptatem necessitatibus quas qui. Nam rerum quisquam et ea laudantium corporis. Occaecati sit quas nihil ut.','1985-12-11 18:35:29'),
('27','24','46','Iure iusto enim ut quam. Laudantium iure totam sint ullam voluptas. Et nihil qui est beatae.','2001-12-05 03:03:47'),
('28','27','38','Aspernatur beatae dolorem nisi eos rerum. Temporibus et ipsam sint numquam sapiente sit vel. Nihil non excepturi quos aut ut.','1987-09-29 11:44:21'),
('29','26','61','Quos est id suscipit. Quod minima magnam voluptatem quisquam a sunt. Est ut architecto et.','1994-07-11 03:07:20'),
('30','29','98','Vel voluptatem autem rerum accusantium qui odit. Cum enim voluptas est ratione eos. Nesciunt aut facilis molestiae dolorum nulla. Expedita dolores facilis sint et minima aliquid eius.','1996-07-04 23:46:42'),
('31','23','24','Provident ipsam ab ab. Eum voluptatum consequatur vitae molestias non repellendus corrupti. Qui quo earum pariatur voluptatibus explicabo voluptas sint maiores.','2004-08-12 08:44:54'),
('32','30','94','Voluptatem ut sint voluptatem modi ad numquam est corporis. Praesentium tenetur qui et. Deserunt illum et aspernatur error aut quia vel.','1998-09-06 03:16:09'),
('33','16','33','Itaque temporibus culpa delectus ut. Repellat qui nihil mollitia nam similique quo ut. Sint non excepturi quae possimus aut inventore aut et.','2006-09-28 22:26:24'),
('34','28','83','Labore reiciendis molestiae quidem. Doloribus eum assumenda magnam consequatur autem quo culpa. Non laudantium voluptatem rerum tempore quo vel. Minima culpa et iusto aut ea dicta.','2019-06-15 17:05:26'),
('35','21','2','Labore non officiis ut ut est facere ipsam quae. Quisquam voluptatem temporibus explicabo quaerat rem et sed. Cumque perspiciatis magni repudiandae repellat eveniet.','2014-08-14 13:14:03'),
('36','9','17','Eum modi nesciunt nihil rerum voluptatem et. Quod est repellendus eius quia possimus laboriosam. Dolorem omnis sunt aut. Consequatur iure ut et tempora.','1981-12-02 08:55:55'),
('37','17','37','Excepturi qui beatae aspernatur quia ex aliquid. Aut omnis voluptatum illo suscipit molestiae. Pariatur nesciunt nihil aut nemo et eos. Earum dignissimos ut dolore doloribus sit assumenda.','1994-10-09 08:41:01'),
('38','24','95','Necessitatibus quos totam pariatur. Laboriosam quaerat esse dolor deserunt dignissimos.\nSunt autem ut aperiam distinctio numquam ab ea quo. Sit ipsa numquam sunt. Esse amet eos voluptatem et.','2016-04-28 11:29:10'),
('39','22','36','Ut enim sed eos numquam natus officiis. Qui et culpa et omnis sequi. Quae natus perferendis harum qui quam voluptates sint.','1993-02-15 16:12:29'),
('40','16','35','Tenetur commodi reprehenderit debitis temporibus deleniti necessitatibus aut. Sit ipsum dolor rerum ullam. Dolorem omnis libero non. Est et et ullam non.','2000-05-01 03:56:29'),
('41','11','98','Veritatis ab recusandae quibusdam expedita sunt qui numquam libero. Et saepe est nesciunt error a voluptatem sint. Consequuntur illo itaque quibusdam tempore distinctio quis rerum.','2008-03-07 12:10:44'),
('42','18','13','Aliquid neque et libero sed ipsa. Aut odit vitae fugiat. Sunt culpa nulla voluptatum voluptates dolorum.','2001-11-21 01:18:37'),
('43','13','44','Qui sunt autem ex nostrum. Libero qui dolore pariatur atque officia expedita. Aliquam et quos placeat vero.','1986-12-23 16:26:01'),
('44','15','30','Quod sunt sunt sapiente quas consequatur expedita. Nihil excepturi blanditiis quam dolore quia nulla voluptatem. Labore quis quos quaerat natus.','1990-12-11 22:23:12'),
('45','2','45','Odit molestiae qui ut vitae est eaque dolor quae. Quam voluptates et autem nihil non natus. Nisi molestiae mollitia saepe voluptatibus.','1983-12-09 11:05:18'),
('46','9','79','Magni adipisci ex hic asperiores sequi amet sit. Itaque dolores quis molestiae. Dicta delectus eligendi itaque totam rerum.','2014-05-21 04:09:22'),
('47','21','26','Enim ea eveniet dolorem est. Et et modi dolores ab corporis vel voluptas. Tempora dolor esse a.','2010-12-24 01:45:59'),
('48','22','19','Sit nihil debitis pariatur neque adipisci nam aut. Neque fugit vitae consequatur consequatur perspiciatis sed et. Ea excepturi vel repudiandae harum voluptas possimus tempora.','1970-09-24 07:53:30'),
('49','18','64','Et quos nostrum veritatis debitis. Magnam eos quia voluptate doloribus repellat voluptatem sequi. Vel in error perspiciatis quo enim enim.','2000-05-28 09:19:03'),
('50','1','28','Sit eius et quia itaque aspernatur sit. Occaecati voluptatem asperiores ut amet dolores consequatur earum. Atque optio reiciendis velit sed odit. Molestiae voluptatem unde dignissimos debitis.','2002-08-27 14:14:24'),
('51','20','29','Voluptas libero blanditiis itaque fugit hic distinctio. Delectus vero temporibus velit itaque in. Minima enim aspernatur est consectetur ipsam. Atque in blanditiis vero eos.','2012-06-03 17:18:02'),
('52','14','19','Quod corrupti tempore suscipit tempore velit aut ipsam. Voluptatibus in voluptatem doloremque nulla atque fugiat non dolorem. Similique dolorum nihil nulla molestiae eum.','1980-09-03 22:35:00'),
('53','20','24','Est et architecto nobis recusandae quia voluptatem. Vel recusandae reiciendis quibusdam labore. Consequatur voluptas ratione nam repellendus. Accusamus velit enim sed dolores sunt.','2007-11-19 20:34:05'),
('54','4','37','Optio facere ut animi placeat. Pariatur nisi earum aspernatur dolor provident et.\nEveniet id ipsa expedita repellat molestias. Quia eligendi magnam distinctio sint. Iusto est doloremque et nihil.','2002-05-25 16:48:05'),
('55','18','66','Dicta eveniet odio qui magnam aspernatur. Ut quia corrupti porro vitae et. Reiciendis sapiente rerum esse incidunt pariatur dolorum. Aliquid eum qui atque quibusdam neque.','1978-04-01 07:04:29'),
('56','22','94','Est velit aut voluptatem. Itaque odio odit ut. Saepe molestias dolor voluptas adipisci autem dolorum.','2018-04-12 19:36:34'),
('57','19','28','Quod maxime illum odio. Et in cupiditate molestiae quia. Sint est exercitationem asperiores et mollitia esse ad.','2014-09-13 01:33:24'),
('58','2','6','Et molestiae omnis perspiciatis neque fugit. Aspernatur non maiores non dolores maiores hic. Qui et cumque repellendus at quos. Vel ipsam quasi culpa qui voluptas quis.','1983-08-13 00:15:03'),
('59','22','56','Consequatur ratione harum dicta vitae. Incidunt ad veritatis mollitia placeat beatae libero. Maxime sint molestiae placeat. Sed non eveniet recusandae mollitia. Voluptas unde rem ullam temporibus.','2008-02-16 16:03:43'),
('60','11','76','Reiciendis magni et commodi ipsa rerum voluptas optio. Quia in sunt nulla est sunt. Quis ut sed iusto officiis enim voluptatem incidunt sed.','1984-06-18 18:55:06'),
('61','30','63','Eos dolorem velit est quam ut eaque molestiae. Dolore quia culpa omnis deleniti ipsam. Veniam et voluptatum earum sit ut.','2007-08-17 10:55:47'),
('62','17','68','Eius quia ut unde vero. Deserunt laudantium modi quos sunt iure. Rem ut voluptatem culpa pariatur. Aut corporis sed accusantium aut ea impedit voluptatem.','1994-02-02 10:22:11'),
('63','27','26','Sed vitae doloribus enim dolorem dolorum autem tempore nihil. Ea in impedit quaerat accusamus aut suscipit suscipit. Ratione quam cupiditate iusto minus. Repudiandae optio qui molestiae iste.','1977-01-04 09:57:09'),
('64','26','45','Architecto quas quia modi ut excepturi nihil et molestiae. Voluptatibus facilis aperiam minus aspernatur et. Est inventore et cupiditate deleniti officiis veritatis ut qui.','2008-03-12 21:52:27'),
('65','27','89','Sed fugit sunt nemo vel dolorem voluptatibus possimus est. Blanditiis non in qui corporis. Veniam consequatur quaerat distinctio.','2019-01-04 06:32:51'),
('66','22','54','Tempora eum fugit amet odio. Aut itaque sint nesciunt corporis nam aut porro. Omnis aut qui autem. Facilis hic in velit maxime modi numquam.','1991-02-05 11:15:10'),
('67','6','17','Odit incidunt alias esse nobis cum doloribus. Ea quam iusto ad beatae. Cumque ea dolorem fugiat quis sunt rerum. Delectus ipsam dicta quod ipsum aliquam quas reiciendis totam.','2011-08-13 23:01:02'),
('68','22','83','Et et qui eius autem quam reprehenderit sed. Facilis sit nisi adipisci assumenda beatae dolores quis. Et sit suscipit magni. Explicabo placeat necessitatibus et reiciendis molestiae.','2019-03-18 14:31:02'),
('69','12','85','Exercitationem est dolorem labore recusandae rem. Sint deserunt et alias culpa error voluptate. Vero quibusdam impedit sed.','2010-11-30 16:49:43'),
('70','6','99','Omnis et porro omnis voluptas natus et eveniet. Nihil vero voluptatibus at ut.','1980-08-28 14:14:42'),
('71','15','90','Minima expedita consequatur quia quis. Eos dolor blanditiis unde laborum voluptates aut magni. Et pariatur architecto possimus occaecati cumque nemo ipsam. Eius dicta est ullam occaecati eaque.','2002-05-12 11:01:41'),
('72','28','13','Facilis illum aperiam et eveniet. Voluptatem voluptates consequatur occaecati quis sint.','1997-08-07 10:01:57'),
('73','6','98','Dignissimos quasi corporis ea perferendis quaerat suscipit. Autem dolor earum similique. Sed deserunt consequuntur ut eos molestiae et dicta. Quis velit earum neque quis.','2014-09-23 04:41:56'),
('74','6','89','Nostrum accusamus qui rerum atque expedita reprehenderit. Necessitatibus asperiores consequuntur beatae dolore. Dolores dolorem neque neque. Accusamus ut eius et distinctio dolorem dolorem aliquid.','1980-02-11 05:15:11'),
('75','16','54','Odit architecto eum harum magnam. Et dolor velit sapiente aliquid dolor hic. Est provident sint et cumque aut commodi qui. Quod vero adipisci ut consequatur praesentium.','1997-12-14 21:51:23'),
('76','20','53','Voluptate sit ea consequatur animi quaerat maiores. Placeat quae sed nisi facilis cupiditate. Optio et autem eligendi modi nulla magnam rerum. Sunt excepturi sed perspiciatis dolores repudiandae non.','1998-11-23 05:53:46'),
('77','5','18','Quas fugiat hic eius sit. Culpa laborum voluptatibus ut id est quia rerum. Sint est et quia voluptatem. Vero laudantium rem dolores quas vitae id quis libero.','1989-11-16 01:56:40'),
('78','6','4','Voluptate ea saepe vel qui. Incidunt iusto accusantium quia cumque optio ipsa. Adipisci est accusantium quia sapiente nisi aut.','1973-08-31 06:14:34'),
('79','14','7','Mollitia ea eveniet quibusdam fuga dignissimos ipsum. Velit quos ut optio. Non saepe aliquid pariatur sint veniam qui est. Veritatis nobis eum qui neque consectetur.','2002-09-11 16:34:13'),
('80','15','33','Voluptas quia et porro qui qui. Saepe explicabo deserunt dignissimos eius enim. Magnam repudiandae voluptates et sed repellat natus enim accusamus.','2011-05-26 23:29:24'),
('81','29','21','Recusandae nostrum est repellendus aperiam a esse quasi. Aperiam voluptatem illum molestiae temporibus. Culpa quis quia repudiandae id aliquam eos.','1995-03-17 13:11:19'),
('82','26','12','Corporis quos non ut quia illo at. Amet voluptatem aperiam a tempore sapiente. Amet aliquam provident et ducimus perspiciatis.','1998-10-02 23:08:29'),
('83','11','58','Eum iusto laborum ea quo officiis. Quia quo iste rerum et. Ut temporibus laboriosam fugit magni ut natus corporis.','1972-04-16 00:42:01'),
('84','29','77','Ad sit voluptatibus tempore et laborum. Fugiat optio voluptas ut culpa corrupti voluptas aperiam. Ducimus nostrum ut animi voluptas. Consequuntur praesentium iure similique illum corrupti tempore.','1994-04-24 12:29:36'),
('85','13','14','Fuga quia aut minima quidem. Cum ea doloribus eligendi quibusdam in. Officiis optio labore reprehenderit sint ullam distinctio.','1988-05-01 16:25:39'),
('86','23','92','Perspiciatis culpa quidem qui nulla ut velit. Et et sed placeat quia. Voluptatem natus perspiciatis adipisci voluptatibus. Animi quis incidunt libero quos perferendis.','1976-08-19 09:22:15'),
('87','2','68','Soluta est vel ut asperiores. Vel qui perspiciatis tenetur molestiae voluptatem est fugit voluptatum.','2011-01-23 22:26:18'),
('88','2','21','Id sed dicta deleniti inventore consequatur. Deserunt sunt sunt qui quia sit. Consequatur sit repellendus sequi suscipit harum vel. Inventore facilis aut dolore odit tempore velit error.','1971-05-15 16:28:16'),
('89','20','23','Aspernatur quia earum inventore perferendis eaque totam itaque magnam. Ex aut qui est nihil.','1988-10-09 04:06:40'),
('90','3','18','Ad saepe assumenda rerum dolores quasi maxime dolorem. Eum optio qui id voluptas. Quod nobis a rem excepturi repudiandae.','1979-05-15 07:54:09'),
('91','23','73','Quia nobis quia animi corporis est rem omnis. Mollitia molestias dolor quas fugit nihil. Quod tempora cum illo omnis laboriosam repellat. Et dolorum voluptatem itaque.','1980-09-27 07:38:51'),
('92','21','93','Quo error sed doloribus consequuntur quod odio sapiente delectus. Excepturi expedita corporis vel dolor est nemo officiis. Tenetur assumenda molestiae nihil odio neque. Nemo culpa incidunt adipisci.','1994-05-10 11:56:37'),
('93','28','90','Facere autem rerum repellat officiis quia. Id exercitationem omnis assumenda. Debitis animi exercitationem eos illum molestiae sunt ratione. Magnam eveniet molestiae et eligendi sit dolor sit.','1971-08-20 21:35:59'),
('94','29','35','Facere et sequi nemo harum consequatur est quisquam optio. Voluptas porro nulla labore dolorum impedit nulla. Ut vero nulla quas perspiciatis.','2017-08-08 02:55:39'),
('95','29','44','Nulla voluptatem molestias qui consequuntur ratione. Aut mollitia quos ut suscipit omnis non. Ullam odio praesentium placeat est voluptatem cum. Aperiam aliquam blanditiis sed ipsa.','2008-08-29 21:39:21'),
('96','21','91','Accusantium recusandae nihil dignissimos dolorem vero. Ut nobis dolorum quidem ut optio voluptatem. Qui est in assumenda quisquam. Impedit numquam occaecati libero consequatur itaque sint maxime.','2013-07-09 23:22:53'),
('97','20','53','Quis quidem voluptas odio eos beatae. Delectus sint magni voluptas aut et. Saepe aperiam nemo earum sunt consequatur sequi totam. Soluta iste eum ipsum vero qui.','2010-12-26 05:21:29'),
('98','1','1','Distinctio eveniet ab veniam qui eum. Inventore magnam provident a laudantium saepe incidunt. Voluptatibus animi odio aliquam et est. Libero perspiciatis ex deleniti magni.','2015-07-07 07:37:55'),
('99','4','97','Aperiam officiis repellendus incidunt aut. Ipsum illo quia minima dolorem aut. Voluptas velit recusandae architecto dolores et dignissimos qui.','2009-12-09 05:02:13'),
('100','23','53','Ad quae unde consequatur consequatur. At facere voluptates autem quaerat debitis sequi. Quis ut non qui. Rerum libero quia veritatis commodi.','1970-12-23 19:46:25'); 


DROP TABLE IF EXISTS `followers`;
CREATE TABLE `followers` (
  `id` bigint(20) unsigned NOT NULL AUTO_INCREMENT,
  `follower_id` bigint(20) unsigned NOT NULL,
  `person_id` bigint(20) unsigned NOT NULL,
  PRIMARY KEY (`id`),
  UNIQUE KEY `follower_unq` (`follower_id`,`person_id`),
  KEY `person_id` (`person_id`),
  CONSTRAINT `followers_ibfk_1` FOREIGN KEY (`follower_id`) REFERENCES `user` (`id`) ON DELETE CASCADE,
  CONSTRAINT `followers_ibfk_2` FOREIGN KEY (`person_id`) REFERENCES `user` (`id`) ON DELETE CASCADE,
  CONSTRAINT `CONSTRAINT_1` CHECK (`person_id` <> `follower_id`)
) ENGINE=InnoDB AUTO_INCREMENT=197 DEFAULT CHARSET=utf8 COLLATE=utf8_unicode_ci;

INSERT INTO `followers` VALUES ('110','1','13'),
('175','1','14'),
('190','1','21'),
('116','2','5'),
('185','2','16'),
('161','2','19'),
('128','2','30'),
('181','4','5'),
('101','4','8'),
('188','4','18'),
('173','4','20'),
('184','5','27'),
('113','6','9'),
('135','6','10'),
('187','6','18'),
('108','6','19'),
('163','7','6'),
('102','7','11'),
('177','8','18'),
('169','8','21'),
('155','8','22'),
('124','8','24'),
('133','9','5'),
('156','9','8'),
('182','9','15'),
('195','10','3'),
('189','10','5'),
('154','10','9'),
('122','10','19'),
('119','11','2'),
('125','11','6'),
('168','11','7'),
('176','11','18'),
('107','11','21'),
('120','11','22'),
('136','11','29'),
('144','12','16'),
('183','12','17'),
('170','12','24'),
('193','12','25'),
('140','12','30'),
('112','13','8'),
('127','13','21'),
('174','13','23'),
('126','15','24'),
('118','16','17'),
('115','16','27'),
('145','17','2'),
('114','17','9'),
('104','17','11'),
('179','17','15'),
('138','17','19'),
('106','17','24'),
('143','17','25'),
('157','18','1'),
('148','19','2'),
('132','19','13'),
('180','19','15'),
('139','19','25'),
('158','20','5'),
('160','20','12'),
('130','20','15'),
('131','20','22'),
('103','20','27'),
('153','21','14'),
('186','21','24'),
('150','21','29'),
('191','22','9'),
('178','23','4'),
('142','23','13'),
('121','23','16'),
('149','23','18'),
('147','23','19'),
('171','23','29'),
('117','24','18'),
('105','24','23'),
('123','24','29'),
('159','25','1'),
('172','25','12'),
('137','25','21'),
('164','26','30'),
('151','27','1'),
('109','27','8'),
('152','27','22'),
('166','28','19'),
('194','29','1'),
('111','29','21'),
('129','29','23'),
('146','30','6'),
('134','30','20'),
('141','30','27'); 


DROP TABLE IF EXISTS `media`;
CREATE TABLE `media` (
  `id` bigint(20) unsigned NOT NULL AUTO_INCREMENT,
  `user_id` bigint(20) unsigned DEFAULT NULL,
  `type` enum('photo','video') COLLATE utf8_unicode_ci NOT NULL,
  `filename` char(255) COLLATE utf8_unicode_ci NOT NULL,
  `metadata` longtext CHARACTER SET utf8mb4 COLLATE utf8mb4_bin DEFAULT NULL,
  `created` datetime DEFAULT current_timestamp(),
  PRIMARY KEY (`id`),
  KEY `user_id` (`user_id`),
  CONSTRAINT `media_ibfk_1` FOREIGN KEY (`user_id`) REFERENCES `user` (`id`) ON DELETE SET NULL
) ENGINE=InnoDB AUTO_INCREMENT=101 DEFAULT CHARSET=utf8 COLLATE=utf8_unicode_ci;

INSERT INTO `media` VALUES ('1','1','video','nisi',NULL,'2019-01-18 04:20:06'),
('2','2','video','id',NULL,'2018-05-09 15:39:22'),
('3','3','photo','culpa',NULL,'1985-06-08 02:56:50'),
('4','4','video','deserunt',NULL,'1991-12-04 05:54:01'),
('5','5','video','libero',NULL,'1978-11-24 12:12:20'),
('6','6','photo','corporis',NULL,'1983-06-27 22:07:50'),
('7','7','video','eaque',NULL,'1987-11-16 07:51:31'),
('8','8','video','nostrum',NULL,'1982-08-21 08:41:27'),
('9','9','video','doloribus',NULL,'2003-07-01 23:30:05'),
('10','10','photo','repellendus',NULL,'1987-08-31 22:14:08'),
('11','11','photo','aut',NULL,'2003-08-13 15:21:56'),
('12','12','photo','libero',NULL,'2011-10-07 20:39:53'),
('13','13','photo','saepe',NULL,'1981-06-16 08:01:32'),
('14','14','photo','magni',NULL,'1981-05-10 15:47:47'),
('15','15','video','et',NULL,'2004-03-16 00:26:25'),
('16','16','video','cupiditate',NULL,'1983-10-22 04:17:32'),
('17','17','video','nostrum',NULL,'1977-10-04 12:43:57'),
('18','18','video','neque',NULL,'2007-04-30 11:25:53'),
('19','19','video','in',NULL,'1978-04-04 02:58:52'),
('20','20','video','natus',NULL,'1988-06-08 03:43:14'),
('21','21','video','omnis',NULL,'1977-09-17 12:09:41'),
('22','22','photo','nihil',NULL,'2016-12-23 08:43:36'),
('23','23','photo','ipsa',NULL,'1987-04-20 17:17:03'),
('24','24','photo','ipsa',NULL,'2003-10-20 17:18:58'),
('25','25','photo','qui',NULL,'1990-12-14 12:43:25'),
('26','26','video','odit',NULL,'2013-03-16 04:53:27'),
('27','27','photo','consequuntur',NULL,'1993-04-06 14:02:05'),
('28','28','photo','ad',NULL,'2008-01-23 22:43:26'),
('29','29','video','eveniet',NULL,'1999-06-23 17:42:21'),
('30','30','video','totam',NULL,'2009-06-26 04:54:55'),
('31','1','video','molestiae',NULL,'1985-12-02 15:51:21'),
('32','2','photo','quo',NULL,'2008-11-15 13:10:29'),
('33','3','video','magni',NULL,'1971-11-10 00:47:27'),
('34','4','photo','rerum',NULL,'1987-02-16 01:22:32'),
('35','5','photo','totam',NULL,'1970-01-03 04:08:52'),
('36','6','photo','odit',NULL,'1985-04-22 00:55:36'),
('37','7','video','est',NULL,'1971-05-11 17:05:17'),
('38','8','photo','sed',NULL,'2014-08-17 21:48:48'),
('39','9','video','id',NULL,'2014-03-15 06:04:03'),
('40','10','photo','a',NULL,'1996-11-14 05:15:42'),
('41','11','video','nisi',NULL,'1971-05-14 16:00:08'),
('42','12','photo','excepturi',NULL,'2000-05-12 22:19:45'),
('43','13','video','cupiditate',NULL,'1988-09-24 17:02:16'),
('44','14','photo','nemo',NULL,'1993-04-24 23:24:09'),
('45','15','video','itaque',NULL,'2017-12-29 08:24:49'),
('46','16','video','doloremque',NULL,'2006-01-28 11:23:51'),
('47','17','photo','non',NULL,'2017-04-11 21:29:22'),
('48','18','photo','saepe',NULL,'1970-06-15 06:34:18'),
('49','19','video','explicabo',NULL,'1979-05-15 08:57:10'),
('50','20','photo','non',NULL,'1989-10-29 12:18:29'),
('51','21','photo','vel',NULL,'2017-04-08 10:20:54'),
('52','22','photo','doloremque',NULL,'2009-05-03 15:41:35'),
('53','23','video','porro',NULL,'2000-06-21 05:06:01'),
('54','24','video','laborum',NULL,'1977-02-12 13:13:07'),
('55','25','photo','quia',NULL,'1993-07-21 08:11:42'),
('56','26','video','libero',NULL,'1992-09-07 22:02:29'),
('57','27','video','quisquam',NULL,'2016-01-29 19:20:54'),
('58','28','photo','reiciendis',NULL,'1991-02-09 10:33:43'),
('59','29','video','repudiandae',NULL,'1970-02-10 22:27:21'),
('60','30','video','debitis',NULL,'2000-08-19 10:36:54'),
('61','1','video','suscipit',NULL,'2002-06-11 00:08:50'),
('62','2','photo','et',NULL,'2019-06-22 03:21:25'),
('63','3','photo','fugit',NULL,'1982-01-13 19:26:09'),
('64','4','video','reprehenderit',NULL,'1973-03-02 07:18:12'),
('65','5','photo','deleniti',NULL,'2010-06-03 19:45:32'),
('66','6','photo','saepe',NULL,'2014-05-21 12:11:57'),
('67','7','photo','tempora',NULL,'1982-02-12 05:31:19'),
('68','8','video','autem',NULL,'1992-07-19 14:24:46'),
('69','9','video','ea',NULL,'1990-03-20 20:02:46'),
('70','10','photo','saepe',NULL,'2008-05-06 23:47:01'),
('71','11','photo','reprehenderit',NULL,'2003-07-07 22:30:41'),
('72','12','photo','molestiae',NULL,'2006-05-28 14:14:52'),
('73','13','video','est',NULL,'1975-07-02 11:43:05'),
('74','14','video','et',NULL,'1983-02-19 23:27:45'),
('75','15','video','animi',NULL,'1975-09-16 08:43:44'),
('76','16','photo','ad',NULL,'1982-10-06 07:32:52'),
('77','17','photo','corporis',NULL,'1970-07-08 15:20:36'),
('78','18','photo','quia',NULL,'2014-01-08 19:58:38'),
('79','19','photo','corporis',NULL,'2001-12-08 02:45:10'),
('80','20','video','qui',NULL,'2014-02-23 02:52:33'),
('81','21','video','consequatur',NULL,'2009-07-27 04:19:09'),
('82','22','video','ut',NULL,'2002-08-28 06:53:58'),
('83','23','video','sed',NULL,'2012-07-17 17:06:01'),
('84','24','photo','repellat',NULL,'1977-05-01 21:07:55'),
('85','25','video','aut',NULL,'1970-03-09 09:27:46'),
('86','26','photo','possimus',NULL,'1972-08-14 01:39:09'),
('87','27','video','sequi',NULL,'1996-06-01 04:57:55'),
('88','28','video','et',NULL,'1972-09-25 07:47:27'),
('89','29','video','occaecati',NULL,'2018-07-14 08:53:59'),
('90','30','photo','nobis',NULL,'1987-01-21 09:51:12'),
('91','1','video','deserunt',NULL,'2007-08-29 17:21:42'),
('92','2','video','quos',NULL,'1993-04-23 19:38:19'),
('93','3','video','reiciendis',NULL,'1982-07-20 23:27:00'),
('94','4','photo','dolor',NULL,'1990-03-25 17:28:54'),
('95','5','photo','occaecati',NULL,'1989-12-21 01:20:10'),
('96','6','video','omnis',NULL,'2013-09-05 01:27:38'),
('97','7','video','et',NULL,'1970-03-03 07:19:02'),
('98','8','photo','qui',NULL,'2018-11-23 22:51:31'),
('99','9','photo','explicabo',NULL,'2016-04-19 20:46:08'),
('100','10','video','facere',NULL,'2010-10-28 06:04:17'); 


DROP TABLE IF EXISTS `message`;
CREATE TABLE `message` (
  `id` bigint(20) unsigned NOT NULL AUTO_INCREMENT,
  `author_id` bigint(20) unsigned DEFAULT NULL COMMENT 'author   null  ,\r\n                                           ,  \r\n                                            ',
  `target_id` bigint(20) unsigned NOT NULL,
  `content` text COLLATE utf8_unicode_ci DEFAULT NULL,
  `created` datetime DEFAULT current_timestamp(),
  PRIMARY KEY (`id`),
  KEY `author_id` (`author_id`),
  KEY `target_id` (`target_id`),
  CONSTRAINT `message_ibfk_1` FOREIGN KEY (`author_id`) REFERENCES `user` (`id`) ON DELETE CASCADE,
  CONSTRAINT `message_ibfk_2` FOREIGN KEY (`target_id`) REFERENCES `user` (`id`) ON DELETE CASCADE
) ENGINE=InnoDB AUTO_INCREMENT=101 DEFAULT CHARSET=utf8 COLLATE=utf8_unicode_ci;

INSERT INTO `message` VALUES ('1','23','6','Iusto quaerat autem a esse ea numquam. Et eum et quidem qui minima. Rerum tempore nobis ab nemo quo aut.','2015-03-23 06:54:43'),
('2','18','16','Et nemo voluptatem fugit hic. Vel maxime vel sint dolore. Ratione qui cumque illo voluptate dolor commodi.','1973-08-04 10:35:59'),
('3','21','8','Unde rerum ut voluptas nostrum eos voluptas error. Impedit eos adipisci voluptatibus vero aperiam debitis.','1980-09-25 01:02:18'),
('4','17','29','Ut ipsam iusto quis. Quis aperiam officiis omnis eos aperiam nihil eligendi voluptas. Ut officia ad hic quasi et.','2000-12-21 23:23:07'),
('5','17','6','Enim consequatur laboriosam consequatur voluptatibus neque dolorem quod. Explicabo blanditiis quod neque mollitia quia ut ea. Soluta esse velit temporibus odit.','1975-11-29 07:11:50'),
('6','15','14','Neque tempora dolor cum. Vel qui omnis voluptatem soluta. Temporibus magnam vel delectus voluptates voluptates impedit velit.','1974-02-17 02:36:39'),
('7','7','3','Vero totam quas a alias aperiam sequi. Nam aut ut facere autem laborum odit in. Earum sit qui fuga eligendi. In excepturi reprehenderit totam aut dolor.','2005-10-02 16:28:10'),
('8','18','6','Alias accusamus laudantium ex culpa dolore vel et. Animi ea harum et expedita accusamus aut aut. Sunt nemo sunt est dolores. Qui dignissimos reiciendis qui enim.','2016-12-31 13:40:27'),
('9','12','20','Cumque sit eum sed. Dolor vel quos vel et. Dolorem at voluptas quaerat exercitationem autem provident quisquam nobis. Quidem impedit repellat repudiandae repellendus sit praesentium commodi sit.','2005-01-24 10:24:40'),
('10','22','25','Numquam numquam asperiores optio consequatur nobis vero ratione. Et id corporis quibusdam et doloribus. Animi pariatur sed at et.','1995-01-17 23:28:17'),
('11','27','29','Veniam vel eligendi quaerat ab. Aperiam excepturi necessitatibus porro ut culpa explicabo. Doloribus et facilis eveniet.','1990-05-02 09:04:23'),
('12','7','18','Corrupti libero reprehenderit aut soluta doloribus dolorem. Possimus voluptatum modi officiis praesentium nobis omnis numquam. Voluptatem beatae dolor maxime. Rem sequi cum iure voluptas quas in.','2008-03-01 07:10:51'),
('13','20','29','Cumque quis neque quasi porro officiis nisi est. Exercitationem inventore libero rerum velit doloremque. Soluta vitae est a harum autem.','2016-01-14 03:14:58'),
('14','7','8','Repudiandae dicta dolor est atque facere voluptatum accusantium. Eos non vel et et maxime. Nostrum fuga nulla laboriosam.','2017-06-25 17:50:59'),
('15','3','2','Omnis saepe qui et cumque culpa non. Aut voluptas ipsum architecto aut id. In corporis possimus vel officiis nisi aut.','1983-10-24 21:55:36'),
('16','7','26','Quam ab vero quis repellendus quibusdam deleniti dolores. Enim nesciunt nesciunt expedita voluptatem quidem. Doloribus repellendus quos quis eius ut aliquam repellendus.','2004-10-09 08:42:32'),
('17','7','24','Et animi illum officia autem voluptates. Ullam laborum vitae qui mollitia. Illum consequatur voluptates ad at. Id perspiciatis voluptatem quia amet deleniti culpa.','1999-10-14 22:36:19'),
('18','12','28','In delectus illum voluptatem nobis. Facilis corporis eum porro sint. Asperiores aut impedit qui aut id in sit omnis.','1990-03-24 19:49:16'),
('19','1','28','Ipsum quis eum id est ea voluptatem repellendus. Iure id quia ea ullam voluptates fugiat. Sint esse voluptas aut nesciunt autem ut ex.','2017-07-06 02:13:26'),
('20','26','18','Quia eum perspiciatis quam nobis repellat deserunt. Qui et laudantium in ea corrupti illum dolore corporis. Vitae qui voluptas dolor dolorem. Sed non nihil corrupti dolores.','1976-07-23 12:31:50'),
('21','4','10','Laboriosam quia deleniti ullam aspernatur. Expedita vero facilis iste et quo.','2004-11-17 07:57:34'),
('22','2','11','Enim et quod dolores numquam veritatis eligendi. Nostrum et ut recusandae molestias dolor doloremque.','1985-05-25 19:23:11'),
('23','12','20','Animi enim distinctio officia. Et cupiditate sit recusandae corrupti nobis qui ipsum. Perspiciatis nihil aut molestiae nostrum. Sit eligendi in eum asperiores quo ut.','1970-11-05 16:00:06'),
('24','16','24','Quaerat consequatur ut corrupti harum et dolorem ipsam. Saepe et consequatur provident eius placeat omnis. Itaque esse cumque et sed aut.','1979-05-11 19:55:50'),
('25','9','8','Officia velit quia beatae ratione deserunt error. Laudantium et est officiis. Voluptatem facilis sapiente doloremque itaque possimus consectetur id ratione.','2006-08-17 21:56:19'),
('26','18','6','Dolores totam dolor quia aliquid consectetur ex porro. Delectus totam odio tempore excepturi minus. Totam ea inventore voluptatem consequatur placeat non.','2011-09-01 22:51:47'),
('27','7','25','Ut quia commodi rem. Aspernatur qui velit quia nesciunt nobis. Aperiam sint quo ad ex. Eligendi et perspiciatis numquam soluta et dolorem quaerat et.','1986-01-25 19:09:32'),
('28','23','26','Nihil inventore sequi et aut ut. Mollitia eos est facere a quisquam omnis delectus laudantium. Fuga explicabo nobis quia laborum dolorem.','2011-08-08 05:04:15'),
('29','23','30','Voluptates exercitationem nisi reiciendis voluptatum temporibus et. Aut itaque a aspernatur at. Sapiente cupiditate eveniet incidunt id.','1983-11-13 20:02:12'),
('30','4','26','Eaque qui voluptas dolores nam harum in. Et magni hic sint consequuntur et quos. Similique distinctio eum quidem. Minus consequatur blanditiis tempore delectus commodi ut quasi.','1981-10-26 08:38:59'),
('31','1','10','Minus consequuntur reiciendis excepturi magnam delectus molestiae. Quibusdam possimus alias deserunt ex. Aliquam consequatur iure eaque fugiat qui tempore.','1981-04-20 13:50:25'),
('32','21','8','Libero qui laborum aut qui est magni. Temporibus voluptates repellendus quia harum expedita molestias culpa quia. Deserunt earum et est dicta sint atque. Est deleniti eum cum dolores.','2005-05-05 00:37:47'),
('33','4','2','Deserunt quo provident dolore sed. Sed voluptas consectetur et quia perspiciatis adipisci. Veritatis et fugiat fuga voluptates voluptate. Rerum quidem quibusdam repellendus dolorum.','2019-01-17 17:32:30'),
('34','5','4','Eaque aut assumenda magni fugit molestias maxime. Veritatis quos et qui aut dolorem. Labore et est laudantium nam. Non voluptatem non eveniet molestiae.','1992-10-13 20:04:37'),
('35','30','1','Et laborum nisi vel sint tenetur excepturi dolores. Dolores aut est sint reprehenderit dolor dolor consequuntur. Quia omnis dignissimos eaque veritatis.','1997-02-13 07:44:04'),
('36','22','4','Numquam numquam sit at animi. Dolor accusamus vel ut dolor. Harum architecto repudiandae ipsa qui excepturi deleniti. Omnis ut culpa temporibus enim.','1977-07-16 17:47:46'),
('37','11','24','Fugiat voluptatem voluptatem possimus nostrum enim voluptatum. Similique excepturi fugiat soluta unde.','2001-05-25 01:52:11'),
('38','14','22','Rem laboriosam illum architecto. Qui cupiditate accusamus deleniti quia.','1974-03-08 22:14:32'),
('39','13','30','Natus vel itaque iste voluptatem ad facilis ex. Repellat quia libero architecto rerum. Hic inventore nulla consequatur sint omnis error quo. Quia numquam eos possimus quidem ea.','2007-09-14 09:53:28'),
('40','16','21','Dolor soluta nihil enim. Necessitatibus veniam reiciendis sapiente eum mollitia consequatur voluptas. Facilis quia dolore veritatis aut ut. Culpa aut deleniti optio incidunt quidem.','2014-07-07 22:21:17'),
('41','8','4','Dolores esse perspiciatis consequuntur ut. Aspernatur est aut necessitatibus unde aut. Dolorum deleniti occaecati voluptatem ut libero sunt.','1977-03-30 15:31:24'),
('42','27','14','Et qui et qui deleniti quasi rerum omnis. Id dolorum eum et et. Numquam officiis et et dolorem.','1984-07-24 08:44:25'),
('43','28','19','Ut aut corrupti quod quo qui. Voluptas inventore quas accusamus ut beatae occaecati odit. In ab molestias tenetur in. Ratione et sit quibusdam odit.','1990-02-12 06:45:33'),
('44','10','21','Vero quia minus amet facilis. Voluptas in aut laboriosam eos ad voluptatem. Sit accusamus ipsa et.','2001-04-29 18:03:39'),
('45','18','13','Quis repellendus alias vel magnam nemo quos in. Et pariatur aut quidem quidem repellat. Aliquam similique voluptatem dolor ducimus. Nam consectetur sequi accusamus nisi.','1971-09-06 14:16:29'),
('46','16','19','Ut asperiores ut est alias quia laboriosam. Esse non suscipit non corporis est natus. Harum eum voluptas dolorem et quae molestiae.','1975-05-09 03:13:06'),
('47','23','7','Sed voluptate hic eius perspiciatis hic eum rerum. Perspiciatis ipsa vitae est dolores recusandae. Et voluptatem sunt autem est officia dolor ut. Non et voluptate velit iure id.','1994-08-09 15:41:12'),
('48','26','26','Voluptatem ipsum enim similique cumque earum. Eum eius eveniet ex error possimus incidunt et. At necessitatibus aut dolorem.','1987-08-17 21:20:39'),
('49','9','30','Corrupti aut molestiae consequatur quo. Dolor et rerum assumenda reiciendis voluptatem incidunt. Dolorem vero totam inventore autem eius.','2013-07-31 00:48:52'),
('50','30','8','Iure quia suscipit ut quos nobis debitis. Molestiae laudantium animi totam sequi earum et. Alias ipsa officia adipisci pariatur. Exercitationem voluptatem atque et autem esse.','1981-02-08 12:02:17'),
('51','1','22','Eveniet sit aut consequatur non sed. Porro blanditiis nobis magnam iure nihil.','1985-04-20 01:26:32'),
('52','12','11','Eum itaque aperiam laboriosam quos. Numquam unde quasi id eveniet molestiae officiis et unde. Natus in neque numquam accusamus veniam.','1979-08-08 03:52:04'),
('53','15','26','Et ullam eum quas et. Et aut culpa saepe totam officia.','1980-06-05 08:43:53'),
('54','3','27','Autem expedita sint ut culpa. Libero et ipsa ipsam qui. Aut quia quos cupiditate aut animi qui sed. Iste placeat cumque velit praesentium eos eum et sint.','2002-12-16 18:22:14'),
('55','25','18','Omnis omnis ratione veniam ab. Similique iure impedit deserunt vitae voluptatem sed sint ea. Quo eos et necessitatibus nisi atque sapiente molestiae.','1991-07-05 05:22:35'),
('56','18','3','Adipisci omnis consectetur quo et itaque magnam. Nihil aut eum sapiente. Deleniti omnis expedita animi qui corporis. Quis et molestias sunt voluptatibus veritatis aut.','2014-10-17 22:37:02'),
('57','22','14','Accusantium exercitationem nihil quidem dignissimos omnis quam non. Ea consequatur modi qui.','1973-09-25 03:46:01'),
('58','16','20','Facilis ipsam dolor consectetur vel voluptatem sunt reprehenderit. Sed consequuntur aliquid quis omnis quos perferendis.','2006-02-03 18:44:51'),
('59','3','26','Quod nisi earum dolorum et doloribus itaque in. Laudantium est cupiditate vel voluptatem harum a voluptatem. Et consequuntur consectetur quasi adipisci in.','1996-08-19 03:32:52'),
('60','10','21','Aut voluptatem voluptas nisi praesentium quo. Aliquid voluptas ut temporibus molestias fugit eum aut eius. Quae facere enim et inventore. Voluptatem provident at porro aliquam neque deserunt non.','2006-04-09 05:38:03'),
('61','8','26','Voluptatem rerum at corrupti. Et unde culpa sed ipsa et in pariatur perferendis. Beatae eius odio atque unde. Voluptas dolor quia voluptas et soluta.','1981-05-12 01:07:03'),
('62','9','30','Nostrum voluptatem quam voluptatem rerum facere. Alias id voluptates incidunt consectetur optio vel deserunt. Vitae est eius iusto beatae provident.','1978-06-08 03:40:00'),
('63','2','4','Praesentium nesciunt vel libero quisquam. Amet minima vero dignissimos eligendi repellat incidunt dolorum aut. Expedita tenetur harum rerum consequuntur ipsa quam.','1991-05-17 05:37:29'),
('64','25','10','Dolores dolor totam quas. Natus animi nulla voluptatem possimus.','2019-06-18 11:12:36'),
('65','4','25','Pariatur qui et et doloremque iusto libero. Enim eaque error cum voluptatibus in. Facilis cum aspernatur voluptatum recusandae. Voluptas labore nihil vitae aperiam maiores est delectus eveniet.','2001-11-06 18:27:44'),
('66','18','4','Cum doloremque molestias qui consequatur harum rerum. Sint voluptatem aut maiores hic beatae. Veritatis dicta accusantium voluptatem sint velit neque. Id ut aliquam quae sit totam facilis.','2010-02-16 05:21:04'),
('67','16','29','Sint blanditiis magni voluptatem adipisci. Impedit voluptatum voluptatem debitis ut illo ipsum dicta.','1975-09-06 05:25:48'),
('68','14','30','Aut eaque rem architecto voluptas consequuntur aut. Quidem atque tempore consectetur eaque accusamus ex explicabo. Fugiat numquam voluptas veniam est neque quasi.','1997-08-05 14:16:29'),
('69','24','17','Omnis eum debitis reiciendis et. Tenetur aspernatur minus est possimus. Dolore sint in omnis est.','2013-11-30 02:11:40'),
('70','26','19','Blanditiis fugiat quis repellat dolor voluptatem quasi animi voluptates. Aut et natus non.','1988-12-16 19:55:15'),
('71','4','13','Ipsa vero maiores rerum maiores perspiciatis et quae ipsam. Similique optio voluptatibus itaque possimus minus esse. Suscipit sed iure animi aut ut.','1977-09-04 18:42:55'),
('72','21','26','Neque minima et dolorum earum voluptatibus. In repellendus et repellat alias. Minima vero rem qui sed ipsum ut esse.','1996-11-25 12:28:17'),
('73','27','7','Repellendus non illum placeat numquam aut quia. Voluptatem vel qui necessitatibus impedit sint.','1996-02-18 10:31:07'),
('74','16','29','Tempore qui non sapiente rerum enim deserunt dolor. Animi qui quos numquam vitae nostrum ea qui. Blanditiis sed et et praesentium sunt vel sed.','2017-09-23 08:05:30'),
('75','2','25','Consequatur doloremque omnis ut vel odit ut possimus. Et odit nihil debitis occaecati esse dolorem. Animi error quaerat ullam quae minus.','1996-04-21 01:32:30'),
('76','19','10','Vitae nobis sit facere unde quod est aut. Dicta et fugit pariatur autem occaecati quasi assumenda omnis. Facere minus molestias aut. Explicabo aut maxime sunt et aliquid et dolore.','2005-11-12 03:36:46'),
('77','21','27','Fugiat esse molestiae quis enim. Sit aut voluptas et necessitatibus quibusdam debitis consequatur. Nam aut et incidunt et.','2001-11-26 18:47:34'),
('78','9','22','Adipisci vero accusamus nihil voluptate qui deleniti. Laboriosam atque eaque laudantium soluta dolor voluptatum.','1989-08-12 13:10:10'),
('79','1','4','Dolorum vel omnis ut eius ut enim aliquid. Accusamus quis debitis est aspernatur non aut quos.','1972-12-02 20:21:40'),
('80','2','4','Sed quisquam aut nobis rerum voluptas. Earum est dolores facere delectus. Error quae quo perspiciatis et maxime aspernatur corrupti.','2000-02-09 03:31:37'),
('81','28','19','Ab dolores esse quia est magni est. Necessitatibus quia quia et iusto fuga ea aut. Est tempora doloribus cupiditate vitae rerum qui.','1985-06-06 22:10:47'),
('82','8','14','Voluptas et cupiditate natus nam unde minima quaerat. Non pariatur sed quod illum dicta sint enim totam.','2018-06-16 15:27:04'),
('83','18','22','Accusamus atque aut reiciendis. Quibusdam impedit voluptatibus nihil dicta assumenda. Ex doloribus rem enim. Impedit sed quia dolor sint dolores corporis fugiat.','1973-05-29 11:34:43'),
('84','13','11','Sit ea ab quod debitis fugit minus. Aut harum nisi molestiae earum dicta cum et. Ad nesciunt et iure ad qui itaque. Id aut ab laborum.','1999-01-26 08:21:26'),
('85','8','9','Veniam recusandae quia veritatis aut voluptatum autem. Eaque numquam placeat deleniti sint dolores consequatur est.','1980-11-17 12:37:50'),
('86','30','12','Dolorem harum molestiae illo sapiente. In dolorem facilis non. Ipsa atque est similique.','2018-12-02 14:35:04'),
('87','22','20','Necessitatibus aut ut autem qui. Voluptas hic aut eius quos aperiam. Illo quam nam voluptates expedita. Quas dicta natus eligendi et facere vero.','1992-02-12 20:46:45'),
('88','7','18','Quis et dolores fuga est hic est suscipit tempore. Corrupti et et tempore ut tenetur ullam facere. Accusamus veniam est quas et et dolores deserunt. Deserunt qui quas delectus quo eligendi quos.','2013-08-21 23:23:49'),
('89','26','22','Magni eum id voluptas laborum. Cumque asperiores vel modi quaerat assumenda expedita. Sint ut aliquid rerum a. Aliquam cum aperiam qui et ea amet sunt. Illo ut eos cumque et.','2006-12-17 07:30:10'),
('90','16','28','Harum mollitia quibusdam qui dolore vel quo. Quam voluptatem qui ad temporibus. Officia provident tempora totam sint enim perferendis.','1981-12-23 17:02:35'),
('91','17','5','Autem dolor consequatur ad. Commodi suscipit commodi placeat fuga aut molestiae voluptates. Aut nobis laborum nobis est.','1989-11-05 23:51:49'),
('92','7','7','Debitis nisi totam natus a. Tempora totam dolore atque est fuga vel. Deserunt vel voluptatem porro quia est similique. Qui officia modi ratione quibusdam.','2011-10-27 22:57:28'),
('93','1','15','Vero aut laboriosam adipisci enim mollitia earum. Dolores perferendis aut voluptas et. Ad et ratione est asperiores voluptatem cupiditate. Culpa qui voluptatem ad distinctio dolor quis iusto et.','2017-01-09 18:41:55'),
('94','29','1','Deleniti sit culpa quam a. Quo vero id facilis laudantium quae quia maxime. Aliquam nihil consectetur ea nisi. Id rerum eum beatae aspernatur porro. Delectus est et doloribus sapiente.','2006-03-22 04:17:13'),
('95','19','30','Aut quas officiis qui vitae et repellat. Voluptas doloribus quae in dicta consequatur illo sit. Quia dolor voluptatem id iste quis cupiditate. Error pariatur sit quia.','2000-01-18 02:37:25'),
('96','5','17','Sit eos dolores ad quo vitae iste. Sapiente non fugit et sunt. Sit aspernatur numquam voluptatem dolor nam aut facilis a. Sed earum voluptatem expedita maiores ut.','2004-07-23 21:34:51'),
('97','19','12','Et quo quia aut laboriosam. Cum velit mollitia ut voluptatem non magni et. Consequatur sapiente officia eos in dolorem quia odit.','1995-09-07 08:41:06'),
('98','30','6','Magnam qui excepturi adipisci natus. Eum aut sit expedita odit. Omnis iste aperiam quae. Architecto dolore provident quia harum minima. Labore et sint iste labore sed.','1970-06-12 00:35:59'),
('99','3','13','Omnis facere provident vero quis deleniti aperiam delectus aspernatur. Ipsum illum esse ad id amet consequatur placeat. Laboriosam qui veniam ut rerum et.','1996-06-03 06:07:30'),
('100','16','11','Sed aut eaque iusto accusamus necessitatibus dolores. Animi excepturi ad quos molestiae. Aliquam mollitia in iure voluptatum fugiat culpa. Dolorum rerum porro omnis ipsam et.','1974-02-08 10:56:26'); 


DROP TABLE IF EXISTS `point`;
CREATE TABLE `point` (
  `id` bigint(20) unsigned NOT NULL AUTO_INCREMENT,
  `name` char(255) COLLATE utf8_unicode_ci NOT NULL,
  `user_id` bigint(20) unsigned NOT NULL,
  `geo_meta` longtext CHARACTER SET utf8mb4 COLLATE utf8mb4_bin DEFAULT NULL,
  PRIMARY KEY (`id`),
  KEY `user_id` (`user_id`),
  CONSTRAINT `point_ibfk_1` FOREIGN KEY (`user_id`) REFERENCES `user` (`id`) ON DELETE CASCADE
) ENGINE=InnoDB AUTO_INCREMENT=101 DEFAULT CHARSET=utf8 COLLATE=utf8_unicode_ci;

INSERT INTO `point` VALUES ('1','facilis','1','{x:41.28.y:36.72}'),
('2','ipsum','2','{x:29.74.y:04.50}'),
('3','voluptas','3','{x:82.57.y:06.89}'),
('4','voluptas','4','{x:41.99.y:48.79}'),
('5','aut','5','{x:89.26.y:65.93}'),
('6','et','6','{x:92.16.y:02.15}'),
('7','voluptatem','7','{x:66.21.y:01.68}'),
('8','ut','8','{x:16.52.y:46.92}'),
('9','aspernatur','9','{x:57.28.y:75.72}'),
('10','fugiat','10','{x:95.80.y:95.97}'),
('11','sint','11','{x:04.61.y:35.49}'),
('12','et','12','{x:28.70.y:26.29}'),
('13','nihil','13','{x:82.41.y:67.88}'),
('14','voluptas','14','{x:16.05.y:24.56}'),
('15','repellat','15','{x:87.96.y:31.75}'),
('16','distinctio','16','{x:36.97.y:59.95}'),
('17','molestiae','17','{x:99.41.y:48.38}'),
('18','ut','18','{x:01.66.y:05.66}'),
('19','explicabo','19','{x:32.73.y:13.33}'),
('20','esse','20','{x:17.96.y:25.50}'),
('21','est','21','{x:89.49.y:63.25}'),
('22','velit','22','{x:33.68.y:82.53}'),
('23','aperiam','23','{x:43.74.y:11.69}'),
('24','expedita','24','{x:81.28.y:02.02}'),
('25','sapiente','25','{x:02.07.y:26.11}'),
('26','eos','26','{x:97.50.y:51.16}'),
('27','quaerat','27','{x:47.91.y:50.33}'),
('28','eum','28','{x:15.50.y:55.85}'),
('29','laboriosam','29','{x:93.44.y:66.31}'),
('30','consequatur','30','{x:68.65.y:08.33}'),
('31','enim','1','{x:64.11.y:45.55}'),
('32','nobis','2','{x:96.34.y:10.23}'),
('33','eos','3','{x:08.51.y:86.87}'),
('34','repellat','4','{x:83.91.y:14.96}'),
('35','quo','5','{x:28.47.y:43.39}'),
('36','veritatis','6','{x:59.64.y:35.63}'),
('37','illum','7','{x:90.06.y:97.43}'),
('38','animi','8','{x:16.95.y:88.79}'),
('39','aliquam','9','{x:21.51.y:97.50}'),
('40','rerum','10','{x:31.24.y:89.89}'),
('41','fugiat','11','{x:97.77.y:43.34}'),
('42','tenetur','12','{x:64.02.y:99.48}'),
('43','est','13','{x:93.87.y:34.30}'),
('44','et','14','{x:61.04.y:66.57}'),
('45','inventore','15','{x:90.01.y:91.31}'),
('46','facilis','16','{x:06.41.y:83.81}'),
('47','iste','17','{x:40.60.y:93.76}'),
('48','provident','18','{x:73.26.y:13.72}'),
('49','amet','19','{x:40.78.y:39.96}'),
('50','adipisci','20','{x:13.18.y:64.77}'),
('51','tempore','21','{x:17.06.y:28.78}'),
('52','sed','22','{x:23.70.y:93.80}'),
('53','veritatis','23','{x:45.26.y:79.56}'),
('54','temporibus','24','{x:32.25.y:39.77}'),
('55','omnis','25','{x:36.11.y:46.55}'),
('56','similique','26','{x:62.64.y:90.12}'),
('57','non','27','{x:07.06.y:22.16}'),
('58','aut','28','{x:06.05.y:79.72}'),
('59','ipsam','29','{x:06.23.y:60.82}'),
('60','occaecati','30','{x:88.56.y:52.42}'),
('61','quasi','1','{x:42.64.y:88.41}'),
('62','veritatis','2','{x:47.96.y:24.95}'),
('63','nesciunt','3','{x:19.53.y:07.51}'),
('64','perspiciatis','4','{x:30.13.y:99.50}'),
('65','et','5','{x:47.20.y:03.40}'),
('66','nisi','6','{x:66.33.y:01.36}'),
('67','sit','7','{x:57.98.y:50.20}'),
('68','est','8','{x:20.37.y:81.39}'),
('69','impedit','9','{x:79.92.y:43.27}'),
('70','eveniet','10','{x:01.09.y:21.32}'),
('71','similique','11','{x:91.49.y:50.47}'),
('72','inventore','12','{x:17.74.y:99.93}'),
('73','delectus','13','{x:25.36.y:31.02}'),
('74','repudiandae','14','{x:11.82.y:00.55}'),
('75','cupiditate','15','{x:70.06.y:93.99}'),
('76','dolore','16','{x:39.57.y:25.08}'),
('77','explicabo','17','{x:02.72.y:58.99}'),
('78','magni','18','{x:51.73.y:23.96}'),
('79','et','19','{x:46.22.y:60.29}'),
('80','doloribus','20','{x:92.28.y:65.83}'),
('81','quos','21','{x:47.26.y:13.38}'),
('82','delectus','22','{x:33.34.y:93.69}'),
('83','earum','23','{x:44.01.y:47.14}'),
('84','rerum','24','{x:83.80.y:21.67}'),
('85','quod','25','{x:93.74.y:68.40}'),
('86','dolorem','26','{x:98.45.y:87.13}'),
('87','laudantium','27','{x:97.91.y:54.96}'),
('88','debitis','28','{x:36.34.y:36.07}'),
('89','eius','29','{x:44.71.y:77.35}'),
('90','laudantium','30','{x:09.65.y:82.80}'),
('91','in','1','{x:94.82.y:13.91}'),
('92','temporibus','2','{x:35.37.y:18.84}'),
('93','nemo','3','{x:92.99.y:33.71}'),
('94','fugit','4','{x:32.73.y:11.20}'),
('95','possimus','5','{x:90.88.y:19.78}'),
('96','nihil','6','{x:43.04.y:32.69}'),
('97','labore','7','{x:68.40.y:03.87}'),
('98','optio','8','{x:87.19.y:32.64}'),
('99','autem','9','{x:03.55.y:41.88}'),
('100','molestiae','10','{x:37.32.y:60.34}'); 


DROP TABLE IF EXISTS `point_mediateka`;
CREATE TABLE `point_mediateka` (
  `id` bigint(20) unsigned NOT NULL AUTO_INCREMENT,
  `content` text COLLATE utf8_unicode_ci DEFAULT NULL,
  `point_path_id` bigint(20) unsigned NOT NULL,
  `media_point_id` bigint(20) unsigned NOT NULL,
  PRIMARY KEY (`id`),
  KEY `point_path_id` (`point_path_id`),
  KEY `media_point_id` (`media_point_id`),
  CONSTRAINT `point_mediateka_ibfk_1` FOREIGN KEY (`point_path_id`) REFERENCES `point_path` (`id`) ON DELETE CASCADE,
  CONSTRAINT `point_mediateka_ibfk_2` FOREIGN KEY (`media_point_id`) REFERENCES `media` (`id`) ON DELETE CASCADE
) ENGINE=InnoDB AUTO_INCREMENT=101 DEFAULT CHARSET=utf8 COLLATE=utf8_unicode_ci;

INSERT INTO `point_mediateka` VALUES ('1','Molestiae ex soluta quo eum quidem excepturi natus. Impedit dolor commodi suscipit qui omnis sed aut. Eveniet rerum recusandae ratione aut. Voluptatibus id et saepe et.','59','21'),
('2','Odio aut quis dolor eum optio sed impedit quidem. Quia qui facilis nobis autem dicta ipsum.\nTempora et nihil at est. Voluptas ut ullam dicta quo.','50','18'),
('3','Sed pariatur molestiae iste consequatur quia unde culpa autem. Mollitia rerum eos vitae totam deleniti. Excepturi tenetur voluptatem nihil facilis.','96','13'),
('4','Ad consequatur esse sequi qui autem harum. Et quae quod est occaecati unde dolor. Iste alias quaerat molestiae aut nisi.','82','73'),
('5','Eligendi eius nesciunt voluptatibus quas esse labore. Nihil pariatur repellat molestiae laboriosam. Commodi quod et impedit. Tempora nemo odit repellat.','8','86'),
('6','Aut voluptatibus a fugit ut beatae. Voluptate quae veniam omnis aliquid est. Aperiam incidunt aut non quaerat sit quis animi. Non recusandae omnis rerum eum fugit.','10','68'),
('7','Quia repellendus amet rerum vero autem. Incidunt reiciendis consequuntur eius necessitatibus. Aut eius at laboriosam ut cumque.','28','36'),
('8','Quae libero est omnis et sed repellat. Earum ab ipsam suscipit labore non et.','32','35'),
('9','Et corporis et non blanditiis neque occaecati. Nihil rem omnis ullam tempora delectus. Autem assumenda similique praesentium libero dolorem doloremque.','87','39'),
('10','Est ullam qui consequuntur aliquam fuga voluptas ullam. Ea rerum soluta velit quae et nisi. Sunt quis dolores laboriosam.','73','39'),
('11','Aut possimus est optio libero et. Veritatis alias nostrum ut facere quas cupiditate deleniti. Reprehenderit non in id aut. Hic in vero omnis.','76','35'),
('12','Qui beatae laborum repellendus laborum dolorem aut adipisci fugiat. Pariatur modi provident officiis iste odio voluptatem. Quod suscipit provident et est sequi iure consectetur.','73','87'),
('13','Ea et quaerat at totam ipsum in. Dolor explicabo doloremque aperiam quasi. Veritatis repellendus soluta animi ratione quam.','35','29'),
('14','Incidunt unde quia accusantium repudiandae ut. Pariatur ut cumque qui sed. Iste voluptatem rerum non aliquid quidem sed.','91','46'),
('15','Laudantium hic est ipsam praesentium. Pariatur at voluptas est molestias tenetur corporis. Quisquam id libero ducimus sint.','85','42'),
('16','Saepe culpa quas adipisci quaerat vel culpa. Perferendis fugiat praesentium officia est. Illo in et totam quas. Repudiandae dolorem ab quia eveniet et ut autem impedit.','18','44'),
('17','Reiciendis quidem totam error est. Aut recusandae quo rerum illo assumenda. Occaecati corrupti cupiditate sit praesentium ipsam est. Dolor optio minima sint nostrum.','63','68'),
('18','Facilis a fugit non sapiente. Quis temporibus quia quis est consequatur. Vitae cum velit repudiandae quia repudiandae quod dolores. Harum accusamus enim sed et expedita earum.','61','58'),
('19','Vitae quam et tempore consequatur enim et aut. Tempore animi porro non. Laborum distinctio asperiores tempora nesciunt. Recusandae eos recusandae excepturi dolore voluptatem consequatur maiores.','81','43'),
('20','Voluptas reprehenderit ut odio corporis. Tenetur cumque dicta repellat ut. Reprehenderit quam occaecati eligendi omnis omnis.','30','88'),
('21','Officiis dolor pariatur voluptatum et. Voluptatibus veritatis voluptas qui suscipit sequi aut. Delectus voluptas non iusto rerum ut. Exercitationem quasi commodi consequuntur labore nesciunt quia.','28','40'),
('22','Est sapiente enim soluta quo id. Voluptatem unde et veniam pariatur eos minima quidem repellat. Esse iste omnis in voluptatem in occaecati. Iste asperiores ut dolorem doloribus vero.','56','55'),
('23','Tempora sed et quos doloremque exercitationem sapiente ipsa tempore. In quibusdam et rerum ut expedita veniam optio. Et voluptatem quasi inventore magnam est quia ullam cum.','75','88'),
('24','Eaque atque iure sit totam delectus beatae voluptatem. Aut et voluptatibus qui ab dolorum omnis. Tenetur vel ab sapiente et quia dolorum minus mollitia. Fugiat est id atque consequatur.','89','61'),
('25','Dolorem possimus sit voluptatum iste sed. Quo quia exercitationem eum dolor. Beatae est expedita et est.\nVoluptas dicta nesciunt autem nobis architecto. Aliquam dicta tempore et aut.','27','61'),
('26','Consectetur sed nam architecto expedita ut ad. Ratione sequi odit molestias distinctio. Ab consequuntur atque ea ut quasi accusantium eos. Nihil sint aut id omnis quas porro quo.','100','2'),
('27','Labore non quasi et ipsum ut. Consequatur enim sint ipsa et. Voluptatum quisquam doloremque repellat qui magni doloribus.','96','72'),
('28','Sit expedita ducimus fugiat vel fugiat et. Distinctio sint placeat iste explicabo numquam. Non possimus id deleniti et eligendi quia.','89','30'),
('29','Occaecati aut expedita deserunt tempora eaque recusandae. Porro ab accusantium autem et. Non et sequi enim debitis nemo nostrum.','100','79'),
('30','Dolore tempora est quibusdam ea aut molestiae. Ab nihil quo debitis id. Velit iste sed molestiae facilis nostrum. Voluptate non vero aspernatur voluptates deserunt voluptatem quisquam eos.','75','85'),
('31','Consequuntur aperiam dolor ut dolorem. Aut cumque temporibus blanditiis. Id id unde laborum mollitia doloremque illo dolor.','21','93'),
('32','Numquam ex pariatur ducimus sequi aperiam voluptas velit. Nemo exercitationem aut temporibus expedita praesentium nesciunt dolorum sed. A maxime sapiente odit maiores iusto.','28','83'),
('33','Corrupti assumenda tempora quidem cum est odit. At dignissimos at voluptates aliquam consequuntur. Non nostrum consequatur harum repellendus et id sed.','61','88'),
('34','Numquam deserunt vitae tempore. Facere rem aspernatur ut non iste deserunt. Sunt doloremque exercitationem distinctio cum qui tempore.','41','41'),
('35','Quaerat sit atque totam assumenda fugiat. Architecto non inventore laboriosam ea ut et. Ut sint eius aut consequuntur.','30','71'),
('36','Voluptatem omnis assumenda nihil quod quia. Facilis recusandae maxime quidem laudantium provident sed sint. Nam cum dolor maiores.','29','58'),
('37','Et sit beatae quisquam amet sequi porro. Ut accusamus quia aut sapiente. Amet quasi unde fuga. Aut dignissimos nisi sunt quo.','10','84'),
('38','Est laborum et sint cum sit odit. Voluptas eum ab optio molestias veritatis quas. Nihil sed eveniet recusandae qui sit aut. Et illum voluptatem ullam voluptas velit.','12','84'),
('39','Fugiat deserunt tempore assumenda esse porro ut incidunt. Est nihil ut beatae qui. Accusamus et consectetur molestiae velit rerum est. Dolores cum id velit aperiam qui voluptas voluptatem.','71','100'),
('40','Fugiat aliquid omnis explicabo ad odio. Mollitia excepturi explicabo numquam expedita ipsa dolor illo.','45','97'),
('41','Voluptatum consequatur repellendus natus totam impedit animi. Id quos reprehenderit amet. Eveniet quaerat aut nobis dolor ullam.','61','44'),
('42','Impedit et vero quis. Quas consequatur veniam est quas eveniet porro amet. Vel consequuntur ea qui mollitia. Qui ut earum dolor ducimus beatae.','99','56'),
('43','Dolores culpa omnis quaerat nulla voluptas consequuntur id. Hic voluptas expedita unde officiis. Non excepturi similique necessitatibus.','16','88'),
('44','Velit illum ipsam voluptas asperiores non debitis corrupti facilis. Rerum quo voluptas assumenda aut ut ea unde quis. Hic eaque eos asperiores aliquam ipsam eaque.','86','16'),
('45','Aliquam est autem omnis cum. Vitae ipsum voluptatibus sit laborum aut eos. Ut eum non cum totam earum. Libero et nostrum neque tenetur ipsam. Molestiae voluptatem beatae nisi quidem optio et.','67','61'),
('46','Cum consequatur autem id aspernatur praesentium. Quia occaecati at facere dolorem expedita earum. Voluptas hic qui modi doloribus autem.','1','87'),
('47','Exercitationem tenetur quis omnis temporibus nemo aut. Nobis aliquid pariatur est voluptatem vero. Nemo ea dolorem delectus facilis.','54','28'),
('48','Ullam quis corporis voluptate ad consequuntur doloribus et qui. Delectus harum omnis minima placeat soluta. Ratione architecto nulla minus.','69','14'),
('49','Dolorum dicta perferendis optio voluptatem temporibus ut. Error qui nesciunt libero recusandae quod aliquam dolores. Ut in qui libero qui sunt et blanditiis.','16','10'),
('50','In autem praesentium tenetur esse qui. Tempore facere dolore ea quod. Officia voluptatum iste fugiat excepturi.','55','46'),
('51','Ipsam consectetur quia occaecati facere sunt. Amet nihil voluptatem consequatur id voluptas quo id. Corrupti eum repellendus laudantium ipsam.','80','83'),
('52','Quis accusantium voluptatem et qui quibusdam doloribus amet. Est voluptatem expedita consequatur. Atque sunt nihil doloremque officia.','3','89'),
('53','Eum necessitatibus vel est aut ea quod harum qui. Aliquid sunt odio labore repudiandae. Et facilis eaque architecto rerum a in.','67','15'),
('54','Voluptatem eius ut eveniet quisquam ea. Fugit non at ut ea. Et quia maiores ratione et est aut.','73','38'),
('55','Nesciunt adipisci et inventore sint et. Provident error nam accusantium dicta. Voluptates sequi alias ea et exercitationem vel. Cum sed magnam sed illum qui atque.','14','18'),
('56','Vel corrupti consequatur natus et laudantium. Iure praesentium assumenda voluptas. Modi veritatis sapiente porro assumenda eveniet doloremque natus. Itaque reprehenderit maxime rerum consequuntur.','35','75'),
('57','Alias reprehenderit consequuntur adipisci omnis. Quod voluptatem omnis unde. Rerum minus quo eveniet eaque repellendus et.','62','34'),
('58','Consequatur nam aut eligendi. Quia corporis placeat est animi voluptatem. Voluptatem voluptatem numquam ratione ipsa accusamus dolorem veniam. Explicabo molestias odit vero totam.','31','78'),
('59','In rerum quidem occaecati voluptatibus dolores. Ut ea blanditiis dolorum qui et est officiis. Nobis doloribus velit omnis alias.','21','17'),
('60','Enim incidunt voluptatem odit id maiores. Dolor doloribus molestiae reiciendis iste unde quis ipsum. Ut omnis tempore architecto aut. Expedita deleniti facilis debitis accusantium quis explicabo sed.','93','87'),
('61','Blanditiis sit blanditiis dicta. Iure minima totam qui sapiente.','78','94'),
('62','Omnis reiciendis maiores et nihil. Consequatur consequatur similique illum. Et sunt qui non nesciunt recusandae.','74','31'),
('63','Nobis magnam illo deserunt debitis maxime. Non est quas aut aut qui voluptatem aliquam. Quo earum id vel ea.','21','43'),
('64','Hic vel voluptatem et nisi voluptatem. Aspernatur qui dolore praesentium. Aliquam sed sit commodi occaecati asperiores alias.','45','37'),
('65','Voluptatem quidem aut quasi aut quia explicabo. Dolor ad ex dolorum qui modi voluptate. Qui quo tempore consectetur ut autem.','52','99'),
('66','Ullam maxime amet non tenetur omnis. Quis quis consequatur voluptas commodi sit quidem eligendi. Voluptatem neque alias ab inventore est. Asperiores quia nihil aut ad facilis odit quasi et.','83','31'),
('67','Natus dolorem quis eos ad. Neque similique rerum ex quisquam. Dolorem dignissimos eligendi eos voluptate. Quia voluptas iure repellat perspiciatis.','82','86'),
('68','Veniam distinctio deleniti modi provident tempore. Sit eligendi officiis eum placeat velit. Et alias quidem dolore numquam deserunt.','20','48'),
('69','Temporibus vitae ut similique qui. Et voluptas vel non nostrum quo aut quasi.','100','93'),
('70','Asperiores quidem est ipsum et culpa commodi autem. Ut recusandae repellat ut natus deleniti tempora quos. Qui animi reprehenderit quas tempore nesciunt consequatur.','86','14'),
('71','Suscipit ea quisquam qui a voluptatibus rerum repudiandae provident. Exercitationem quasi et saepe provident omnis quia.','11','20'),
('72','Et expedita aperiam officia non fuga. Qui quis exercitationem explicabo et nisi quo quisquam. Velit nobis debitis id. Nemo dolorem optio consequatur dolorem ut repellat.','89','73'),
('73','Ipsum voluptas velit officia asperiores. Nobis ut quia praesentium aut quo a. Qui sequi molestias labore. Numquam libero nam rerum sunt ipsum nisi.','53','19'),
('74','Modi nam dolorem cupiditate porro odio est animi. Autem quo est maiores ea et provident reiciendis. Omnis eos sed voluptatem perspiciatis est voluptatum est. Culpa ex alias quasi sit.','50','74'),
('75','Est architecto officiis a magni et. Magnam occaecati earum voluptates.','35','43'),
('76','Quaerat perspiciatis perspiciatis debitis eius ab quo. Voluptatem sapiente amet aut est eaque sapiente. Laboriosam dignissimos laudantium delectus sed.','60','12'),
('77','Qui ea quod aliquam excepturi nihil dicta. Blanditiis similique incidunt totam consectetur odio. Quis qui et deserunt est autem est.','36','34'),
('78','Assumenda est doloremque suscipit maiores dolorem quasi ut. Omnis sed quo delectus eum. Vero et ad minima molestiae numquam autem consequatur molestiae.','43','56'),
('79','Rerum ad quos adipisci commodi nam ut inventore. Eum sit deserunt delectus illo omnis aut vel. Aliquam aspernatur qui dolorum eum. Quasi ut et reprehenderit itaque tempore impedit.','76','87'),
('80','Voluptas delectus et placeat nobis saepe ducimus dolor. Maiores eius laboriosam id est ad. Tenetur amet quibusdam ex sint esse soluta similique ut. Consequatur ut quam tempore quia expedita quis.','93','27'),
('81','Consectetur occaecati necessitatibus cumque beatae. Iusto iste qui quam ipsum. Qui inventore voluptate non aspernatur.','86','76'),
('82','Et numquam enim rem explicabo. Ducimus non eos aliquam et minima vel sunt. Quos quaerat hic culpa recusandae quibusdam repudiandae sit et.\nQuo est et quae. Dicta aut corrupti suscipit quae enim.','58','68'),
('83','Ut adipisci explicabo placeat dolores eaque eos velit aut. Dolor odio quod ut et minima autem.\nSimilique dolorem voluptatem est maiores. Voluptatem ut quis omnis nobis.','61','78'),
('84','Deserunt sint repudiandae fugiat alias. Consequatur alias rerum quia inventore. Et laudantium ut et dicta.','15','61'),
('85','Ea eius delectus necessitatibus et qui impedit. Omnis qui voluptas autem ut. Et similique quia ipsa qui nulla totam.','71','1'),
('86','Perferendis ad qui expedita et non aliquid. Consequuntur nulla ex ut mollitia. Excepturi similique maxime numquam ab veritatis quas.','74','81'),
('87','Laboriosam laudantium cum excepturi et qui alias. Quis autem sapiente veniam. Illo nisi nobis deserunt ullam iure totam eum.\nAut rem illum nobis consequuntur. Eius cum est optio facilis.','20','62'),
('88','Consequatur ipsa culpa omnis omnis nihil ut. Adipisci dicta eligendi perferendis nesciunt. Accusantium dolor sit itaque quis non molestiae eos. Facere facilis doloribus et est alias accusantium.','53','72'),
('89','Omnis totam magni debitis quia sunt nihil. Nobis omnis nam rerum cupiditate repellendus saepe. Non suscipit ut nihil blanditiis tempora.','81','2'),
('90','Reiciendis nam tempora esse repudiandae rerum voluptatem. Qui in modi ipsam libero illo totam ut. Labore nostrum autem accusamus corrupti. Non sit dicta non debitis.','46','16'),
('91','Libero sit sapiente distinctio illo perspiciatis possimus necessitatibus. Aut tempora quasi sint omnis itaque. Dicta illum adipisci omnis quia tempore qui.','44','6'),
('92','Aut facilis laudantium inventore harum. Illo dolore laboriosam earum. Et itaque soluta perspiciatis voluptatem nihil.','28','80'),
('93','Totam amet aut voluptatem sint. Fuga rerum hic eveniet minima aspernatur. Voluptate aperiam incidunt debitis facilis.','39','70'),
('94','Voluptatibus voluptas rerum enim consequuntur nihil. Asperiores accusamus dicta praesentium reiciendis harum repudiandae sapiente. Et excepturi est provident quia.','36','14'),
('95','Doloribus expedita hic sit id repudiandae. Aliquam doloremque qui odio molestias et. Autem rerum id voluptatem vero explicabo. Voluptate fugiat dicta quia. Incidunt vel et id omnis.','57','28'),
('96','Qui pariatur quia magni nisi asperiores repellendus fugit dolorem. Doloribus quo illo non consequuntur. Nihil accusamus aut eum ut.','41','42'),
('97','Nostrum laboriosam consequuntur ea exercitationem odit. Id ut quisquam ratione et rem. Aperiam magni voluptas sint porro nam cumque eligendi quo. Ab aut eligendi cumque non qui officia eos.','4','99'),
('98','Et qui ex quis optio. Reprehenderit ut cupiditate sit dolorem nesciunt. Fuga labore autem architecto accusamus nobis reiciendis sunt.','9','64'),
('99','Dolores ipsam sint sapiente in. In ex enim eveniet officia cumque. Ratione inventore occaecati quibusdam harum ipsa.','76','24'),
('100','Pariatur dolor ut nihil quaerat aliquam provident tempore. Sequi eveniet perspiciatis nam ex maiores ipsa tempora. Explicabo vel illo fugiat dolores est molestiae. Dignissimos autem est vero.','24','46'); 


DROP TABLE IF EXISTS `point_path`;
CREATE TABLE `point_path` (
  `id` bigint(20) unsigned NOT NULL AUTO_INCREMENT,
  `parent_point` bigint(20) unsigned NOT NULL,
  `next_point` bigint(20) unsigned NOT NULL,
  `created` datetime DEFAULT current_timestamp(),
  PRIMARY KEY (`id`),
  KEY `parent_point` (`parent_point`),
  KEY `next_point` (`next_point`),
  CONSTRAINT `point_path_ibfk_1` FOREIGN KEY (`parent_point`) REFERENCES `point` (`id`) ON DELETE CASCADE,
  CONSTRAINT `point_path_ibfk_2` FOREIGN KEY (`next_point`) REFERENCES `point` (`id`) ON DELETE CASCADE
) ENGINE=InnoDB AUTO_INCREMENT=101 DEFAULT CHARSET=utf8 COLLATE=utf8_unicode_ci;

INSERT INTO `point_path` VALUES ('1','58','44','1971-04-05 05:03:14'),
('2','87','49','1982-12-01 03:37:10'),
('3','55','84','2000-05-17 15:40:17'),
('4','58','5','1997-09-09 13:18:34'),
('5','86','37','1978-06-12 03:43:29'),
('6','82','35','1973-07-11 10:15:30'),
('7','63','90','1983-09-25 19:30:57'),
('8','69','98','1994-03-28 08:45:33'),
('9','53','52','2006-05-11 01:49:20'),
('10','49','22','2009-09-14 04:49:09'),
('11','66','34','2016-02-09 05:51:45'),
('12','67','75','1977-05-06 00:09:08'),
('13','31','18','1996-09-05 05:57:12'),
('14','44','27','2018-02-24 13:50:32'),
('15','92','42','1992-09-25 08:06:38'),
('16','20','49','1975-08-19 08:52:45'),
('17','86','6','1992-05-24 23:45:19'),
('18','98','41','1989-09-08 07:35:09'),
('19','90','55','1974-11-12 19:59:43'),
('20','45','75','1998-08-21 07:23:34'),
('21','91','26','2009-10-26 20:01:57'),
('22','10','54','1997-07-22 18:21:55'),
('23','16','78','1974-02-21 01:33:50'),
('24','51','68','1987-01-23 15:31:30'),
('25','30','100','1970-12-30 13:27:56'),
('26','90','95','1986-07-14 06:56:09'),
('27','33','56','1972-04-22 23:59:31'),
('28','70','63','2006-11-27 21:01:22'),
('29','74','13','2000-02-09 05:43:22'),
('30','90','65','1986-05-16 22:08:12'),
('31','55','9','1970-02-18 03:52:48'),
('32','14','41','2010-11-26 09:56:54'),
('33','15','11','2013-03-03 15:49:57'),
('34','81','4','1993-12-04 20:27:05'),
('35','65','26','1972-08-20 07:40:21'),
('36','79','56','1989-02-23 11:30:32'),
('37','52','88','1977-07-18 07:22:43'),
('38','9','67','1995-09-17 14:53:18'),
('39','65','59','1987-08-02 04:34:12'),
('40','35','94','1977-05-13 16:13:28'),
('41','58','24','1981-08-12 13:38:50'),
('42','88','91','2015-08-23 11:33:04'),
('43','80','57','1981-03-20 09:46:07'),
('45','70','42','2016-06-25 19:18:33'),
('46','18','25','1979-04-18 06:59:41'),
('47','51','31','2011-10-16 13:46:51'),
('49','42','46','1987-02-12 18:21:17'),
('50','68','6','2006-10-08 14:18:38'),
('51','71','46','1989-04-01 07:29:57'),
('52','62','23','2003-05-11 08:22:33'),
('53','33','70','2012-09-16 08:28:22'),
('54','89','98','2009-02-01 18:14:33'),
('55','29','23','1991-08-22 03:06:34'),
('56','91','87','1976-12-30 14:03:42'),
('57','47','79','1998-01-17 17:02:20'),
('58','77','26','1990-10-30 12:29:38'),
('59','36','30','2016-11-25 00:21:56'),
('60','79','5','2006-06-16 14:45:08'),
('61','71','96','1975-12-23 14:43:59'),
('62','30','22','1980-12-19 18:46:54'),
('63','27','95','1993-05-16 07:03:46'),
('64','86','68','1978-02-17 06:15:59'),
('65','40','54','1983-08-26 12:40:00'),
('66','74','11','2019-01-10 12:05:20'),
('67','99','35','1986-07-01 18:21:55'),
('68','33','32','2002-06-02 10:30:24'),
('69','5','22','1982-03-01 05:28:05'),
('70','29','34','2008-07-22 20:41:07'),
('71','45','20','2017-08-20 07:41:38'),
('72','20','91','1979-11-19 23:52:56'),
('73','98','97','2007-06-15 16:42:53'),
('74','17','33','1993-12-26 09:58:57'),
('75','26','96','1975-09-24 09:16:00'),
('76','38','97','2000-07-13 19:21:59'),
('77','91','67','1982-08-05 22:25:32'),
('79','61','3','1976-06-09 01:19:10'),
('80','85','1','2011-10-13 13:36:49'),
('81','56','58','1973-04-30 05:38:00'),
('82','12','55','1985-05-07 16:21:09'),
('83','93','44','1974-11-01 01:37:33'),
('84','87','97','1972-10-06 15:39:34'),
('85','66','16','1981-08-09 21:21:26'),
('86','30','10','1994-03-26 03:30:17'),
('87','35','50','1970-10-02 04:54:36'),
('88','100','33','1986-05-29 09:47:27'),
('90','66','71','1994-03-24 23:42:59'),
('91','12','4','1971-06-26 17:51:48'),
('92','68','3','1974-09-22 20:39:27'),
('93','70','85','2013-04-25 23:30:24'),
('94','20','31','2001-07-31 08:07:02'),
('95','88','4','1992-08-25 03:30:35'),
('96','32','44','1990-02-15 16:27:15'),
('97','62','43','2018-05-10 16:59:13'),
('98','99','54','1982-12-16 05:12:34'),
('99','87','85','1997-10-12 07:39:51'),
('100','50','52','1994-01-25 17:12:29'); 


DROP TABLE IF EXISTS `profile`;
CREATE TABLE `profile` (
  `user_id` bigint(20) unsigned NOT NULL,
  `fio` char(255) COLLATE utf8_unicode_ci DEFAULT NULL,
  `birth` date DEFAULT NULL,
  `city` char(255) COLLATE utf8_unicode_ci DEFAULT NULL,
  PRIMARY KEY (`user_id`),
  CONSTRAINT `profile_ibfk_1` FOREIGN KEY (`user_id`) REFERENCES `user` (`id`) ON DELETE CASCADE ON UPDATE CASCADE
) ENGINE=InnoDB DEFAULT CHARSET=utf8 COLLATE=utf8_unicode_ci;

INSERT INTO `profile` VALUES ('1','mbvl','1997-04-07','Angelicachester'),
('2','dtql','1983-04-23','Reganmouth'),
('3','okug','1983-09-21','New Kelton'),
('4','xcpe','1987-01-27','Schmittfort'),
('5','ruzg','1980-12-09','South Titobury'),
('6','jahy','1978-10-01','Port Kamronton'),
('7','fapk','1989-12-09','Stiedemannside'),
('8','jkhf','1986-04-10','Mariahmouth'),
('9','ywsg','1991-02-03','Emersonmouth'),
('10','mznh','1999-09-21','Lake Dayna'),
('11','sctb','1988-02-20','South Ignaciofort'),
('12','ffzj','2018-10-21','North Theamouth'),
('13','iyuk','1974-07-28','Lake Dwighttown'),
('14','rcgl','1978-07-06','Runolfssonburgh'),
('15','tqty','1997-08-12','Kiehnland'),
('16','jjqe','2005-07-06','Lake Brennonfort'),
('17','qziv','2006-10-16','North Antonettashire'),
('18','qfcy','2009-08-14','Turcotteville'),
('19','mywm','1994-12-03','Hettingerton'),
('20','ebnc','2007-02-13','Markview'),
('21','swia','2009-10-17','South Idellbury'),
('22','kvvt','2002-07-22','Elissaton'),
('23','uaao','1994-06-05','Mackenzieburgh'),
('24','lkvu','1999-01-12','Emorymouth'),
('25','weuo','2000-02-21','East Raquelfurt'),
('26','pjbt','2008-04-19','Cristalburgh'),
('27','aqov','1997-08-25','South Arvel'),
('28','vdnb','1980-12-13','South Emersonland'),
('29','xheq','1976-02-05','East Braxton'),
('30','upgh','1993-05-08','Lake Devanton'); 


DROP TABLE IF EXISTS `user`;
CREATE TABLE `user` (
  `id` bigint(20) unsigned NOT NULL AUTO_INCREMENT,
  `username` char(63) COLLATE utf8_unicode_ci NOT NULL,
  `password` char(127) COLLATE utf8_unicode_ci NOT NULL COMMENT 'crypt password on app layer',
  `created` datetime DEFAULT current_timestamp(),
  PRIMARY KEY (`id`)
) ENGINE=InnoDB AUTO_INCREMENT=31 DEFAULT CHARSET=utf8 COLLATE=utf8_unicode_ci;

INSERT INTO `user` VALUES ('1','jasen60','5d870d8ee9b3fd869094aee64d5b4f5b884df5b6','1989-11-23 23:29:31'),
('2','huel.gilberto','227a75fc58b3a2e6d8b1fc0e8afb556409489140','2019-04-05 07:36:09'),
('3','denesik.chloe','3e88d3a704682a5ba54a0c7cb550b4fc9612d07e','2011-09-08 22:00:27'),
('4','ytorphy','6a440c9b3851c8dc23f04dba9cc6803bc4ff3252','2003-03-30 07:07:05'),
('5','kyle98','8e3880273dd3ebc8b6a37e5ef8c2645e8a8a8321','1998-11-23 08:32:37'),
('6','bshanahan','f325e9f425236d4ff77d12b7f1eb6c1608e623af','1972-04-23 18:33:23'),
('7','astrid.mcdermott','774d7bbfba2ac177c0f191f362180eeb0a30d300','1983-02-01 10:11:59'),
('8','tracey95','c7db47cb2b202bc6e8fc2c6fac4da82f79d304fb','1971-12-04 14:40:06'),
('9','qdare','8229eec03d19417e5de5fc631793c2ded0114372','1978-10-12 23:41:47'),
('10','hahn.pablo','763b803c994f3d3261cc7e13cbf62767447c79bc','2003-02-21 17:18:30'),
('11','schinner.leo','f0ac61fbf59e5b52fb717e5ea17fdc1fe6bd0c92','2018-07-07 15:46:31'),
('12','hmuller','35c6eb750d1656a7f7cdc8894e82901274a12aea','1990-06-24 03:23:32'),
('13','friesen.zechariah','f6c6674c0cab939ed6286144ba63b988e75cd0f9','2006-09-15 10:02:55'),
('14','tkuhlman','aab774cddda458cfc42430e166ee0adfd6f38d89','1979-10-27 16:07:36'),
('15','cbailey','b60708ed996f1c05e002cfab4660501999726dbf','2014-09-02 07:23:53'),
('16','keenan.o\'conner','1e24135427d2d199a40c7c91bcc2c8e4f92522b6','2013-02-15 14:38:24'),
('17','olson.seamus','8f11efe2edbe105ef9da8421c11546856fbde50e','1992-09-13 04:33:00'),
('18','shany.borer','819bf6970c9cca077aa2f7537d5a5408d6859170','1975-08-23 01:30:12'),
('19','ursula.ratke','ec266077453a8536771773206ea9bc39f8883d94','1971-01-11 07:08:13'),
('20','nolan06','24f2f104a7f5b6608427acf520da7aa3d58d87bd','1999-12-15 14:50:02'),
('21','dahlia77','803d7bfc36d7ec5509fc0536d452abc27d0f6ea3','2005-07-15 20:13:23'),
('22','lauryn50','e67db5d11043066a31123fd39f47ea08f35fbcf6','1980-03-20 00:57:03'),
('23','lulu.king','3af0181b95cf283ff56966e6b0dc7727247e1caa','1990-09-02 23:27:44'),
('24','wilhelmine74','e1b7247ead4d9ad5cc60e9353d9d80c76b7b253d','1975-01-05 16:36:37'),
('25','antonia47','f1e0e543a2386f851a4e539ac2e33dc4e1b41caa','2005-12-30 04:33:44'),
('26','linwood01','e51aea24e9690311dd3e8d62ad4587acd03f255a','2008-04-01 05:32:35'),
('27','herbert62','dba66d866d0d241bed8f61a7546bcb2fe8c23670','1971-04-08 09:55:00'),
('28','zoe94','c5ccd2970bf8ce1f96a59995c082c8fd5ba81f6d','1979-01-26 05:09:49'),
('29','xmorar','117d31c4c8183d288f1f0a91185780139a311581','2012-05-28 00:25:12'),
('30','elvera.predovic','848b8acb3c80ff00fabeed26bf4033c759251882','1993-07-04 13:30:05'); 




/*!40101 SET SQL_MODE=@OLD_SQL_MODE */;
/*!40014 SET FOREIGN_KEY_CHECKS=@OLD_FOREIGN_KEY_CHECKS */;
/*!40014 SET UNIQUE_CHECKS=@OLD_UNIQUE_CHECKS */;
/*!40101 SET CHARACTER_SET_CLIENT=@OLD_CHARACTER_SET_CLIENT */;
/*!40101 SET CHARACTER_SET_RESULTS=@OLD_CHARACTER_SET_RESULTS */;
/*!40101 SET COLLATION_CONNECTION=@OLD_COLLATION_CONNECTION */;
/*!40111 SET SQL_NOTES=@OLD_SQL_NOTES */;

